time,x offset,distance
11.542,84.582568807339442,12.965517077536102
11.655,84.469107551487411,12.950659173141387
11.77,82.106235565819873,13.010399098689136
11.877,78.537037037037038,13.025463531928322
11.997,76.971830985915489,13.116960869384469
12.114,77.060606060606062,13.070972336815467
12.222,75.011792452830178,13.147890590553217
12.344,71.529691211401428,13.194697640859776
12.447,66.645783132530113,13.289829339836695
12.562,58.595061728395052,13.453053736755743
12.684,53.761904761904759,13.553919513553813
12.794,50.0,13.605209638175246
12.902,49.406649616368298,13.692000942180876
13.017,50.406649616368298,13.692000942180876
13.141,49.958868894601551,13.727184965856118
13.258,47.102564102564116,13.709559133195159
13.359,42.544502617801044,13.852496846859095
13.479,40.309090909090912,13.798373482873791
13.583,39.425196850393689,13.870679828258194
13.7,40.510471204188491,13.852496846859095
13.817,40.452631578947376,13.888934516709666
13.916,38.827225130890042,13.852496846859095
14.035,37.23577235772359,14.094607132294664
14.151,36.65217391304347,14.113760462221226
14.262,34.636842105263156,13.888934516709666
14.372,31.732240437158481,14.152302280756532
14.488,30.639344262295083,14.152302280756532
14.603,31.0,14.132992000436591
14.708,29.973614775725594,13.90726138487654
14.803,27.603825136612016,14.152302280756532
14.914,22.825484764542949,14.250053859103437
15.028,20.604904632152596,14.132992000436591
15.148,20.581267217630852,14.210710989608907
15.269,22.36088154269973,14.210710989608907
15.378,22.418732782369148,14.210710989608907
15.495,20.418732782369148,14.210710989608907
15.606,18.664819944598349,14.250053859103437
15.719,17.903743315508024,13.999995273736982
15.834,17.808108108108115,14.075531481894071
15.949,17.837016574585647,14.230341679761613
16.063,17.824468085106389,13.962679860216396
16.175,17.839779005524861,14.230341679761613
16.287,17.73684210526315,14.250053859103437
16.401,17.527559055118104,13.870679828258194
16.515,17.358695652173907,14.113760462221226
16.629,17.175824175824175,14.19116122861216
16.743,17.00514138817482,13.727184965856118
16.861,16.909793814432987,13.744878875693116
16.977,16.747395833333343,13.816344136125686
17.095,16.76315789473685,13.888934516709666
17.211,16.691906005221938,13.834385104171433
17.335,16.708121827411162,13.639727921823086
17.455,16.701711491442552,13.387046135357393
17.573,16.718204488778042,13.520046231913316
17.683,16.791773778920316,13.727184965856118
17.796,16.72279792746113,13.780472688739888
17.915,16.712082262210799,13.727184965856118
18.036,16.740932642487053,13.780472688739888
18.151,16.7284595300261,13.834385104171433
18.274,16.695544554455438,13.469708574815177
18.395,16.644155844155847,13.798373482873791
18.52,16.671052631578959,13.888934516709666
18.642,16.648293963254588,13.870679828258194
18.761,16.535532994923869,13.639727921823086
18.87,16.55949367088607,13.622436019257618
18.995,16.689473684210526,13.888934516709666
19.123,16.593908629441614,13.639727921823086
19.239,16.573298429319379,13.852496846859095
19.351,16.435443037974693,13.622436019257618
19.473,16.390123456790121,13.453053736755743
19.598,16.412371134020617,13.744878875693116
19.71,16.289215686274503,13.403457023191621
19.829,16.323155216284988,13.657085762385458
19.953,16.204819277108442,13.289829339836695
20.079,16.268354430379759,13.622436019257618
20.191,16.132211538461547,13.273831289236503
20.303,16.175000000000011,13.536951126130973
20.421,16.152019002375283,13.194697640859776
20.522,16.183333333333337,13.210411290493559
20.642,16.237623762376245,13.469708574815177
20.754,16.169999999999987,13.536951126130973
20.873,16.159203980099505,13.503204435820416
20.994,16.117505995203828,13.257890802029003
21.114,16.183879093198982,13.588048365736435
21.234,16.108695652173907,13.305885301203215
21.349,16.053921568627459,13.403457023191621
21.459,16.103797468354429,13.622436019257618
21.569,16.103797468354429,13.622436019257618
21.691,16.158163265306115,13.674509961174934
21.806,16.17766497461929,13.639727921823086
21.927,16.193548387096769,13.486425346205092
22.041,16.307106598984774,13.639727921823086
22.162,16.334939759036132,13.289829339836695
22.285,16.436724565756833,13.486425346205092
22.404,16.391408114558459,13.226181142817767
22.525,16.475728155339795,13.338172360471814
22.636,16.549261083743829,13.436460450451902
22.748,16.685365853658539,13.370695305452163
22.869,16.709677419354847,12.995386744448064
22.979,16.68925233644859,13.086248129609992
23.095,16.73333333333332,12.980426169747762
23.209,16.636792452830178,13.147890590553217
23.324,16.745920745920756,13.070972336815467
23.444,16.663573085846878,13.040580346053266
23.555,16.670702179176743,13.321999523651682
23.677,16.685314685314694,13.070972336815467
23.797,16.610705596107067,13.354404167959979
23.911,16.510588235294108,13.132398447806393
24.036,16.577395577395578,13.419928337612044
24.164,16.510588235294108,13.132398447806393
24.281,16.686274509803923,13.403457023191621
24.376,16.689411764705881,13.132398447806393
24.493,16.5,13.17903986078559
24.6,16.402912621359235,13.338172360471814
24.717,16.40821256038646,13.305885301203215
24.832,16.261904761904759,13.210411290493559
24.956,16.140909090909105,12.906389675336769
25.075,16.135514018691595,13.086248129609992
25.194,16.051685393258424,12.8336041052331
25.312,16.027334851936217,12.921095760871681
25.423000000000002,15.964205816554824,12.804832285280238
25.534,16.014018691588774,13.086248129609992
25.646,15.937209302325584,13.055749845407362
25.765,15.911832946635741,13.040580346053266
25.879,15.878220140515225,13.101577535657301
26.007,15.800453514739218,12.891733622251531
26.114,15.842696629213492,12.8336041052331
26.238,15.799086757990864,12.935852164247889
26.352,15.859410430839006,12.891733622251531
26.467,15.878220140515225,13.101577535657301
26.576,15.841013824884783,12.995386744448064
26.687,15.775510204081627,12.891733622251531
26.801,15.856807511737088,13.116960869384469
26.955,15.75167785234899,12.804832285280238
27.159,15.761574074074076,13.025463531928322
27.309,15.626966292134824,12.8336041052331
27.515,15.716483516483521,12.691647709638895
27.618,15.758542141230066,12.921095760871681
27.765,15.687640449438192,12.8336041052331
27.88,15.614718614718612,12.595031661450713
27.99,15.599999999999994,12.554293972813834
28.067,15.622317596566518,12.540802210933371
28.182,15.594713656387654,12.705632048943269
28.266,15.622317596566518,12.540802210933371
28.393,15.61904761904762,12.595031661450713
28.515,15.697038724373584,12.921095760871681
28.618,15.584269662921344,12.8336041052331
28.725,15.707762557077615,12.935852164247889
28.835,15.5829694323144,12.649969749610225
28.936,15.683371298405461,12.921095760871681
29.045,15.780045351473916,12.891733622251531
29.151,15.841648590021691,12.608699148454766
29.253,15.865800865800878,12.595031661450713
29.371,15.977827050997774,12.747863677571175
29.474,15.922912205567457,12.527353792431486
29.582,16.114790286975705,12.719662652551026
29.703,16.126914660831517,12.663816810829108
29.808,16.109936575052842,12.447560640522971
29.917,16.124735729386884,12.447560640522971
30.028,16.216386554621835,12.408230820083936
30.141,16.06881720430107,12.554293972813834
30.251,16.139240506329116,12.434409235380201
30.365,16.16382978723405,12.487266289401084
30.49,16.149473684210534,12.421299367987055
30.611,16.063424947145876,12.447560640522971
30.726,16.157112526539265,12.473988945198972
30.843,16.140350877192986,12.677709380873983
30.955,16.221748400852874,12.500586060722039
31.079,16.296610169491515,12.460753803292517
31.196,16.357588357588355,12.343500345151902
31.3,16.428571428571416,12.595031661450713
31.419,16.438155136268335,12.395203375013525
31.536,16.523809523809518,12.317889929387787
31.65,16.552301255230134,12.382216817705688
31.771,16.68421052631578,12.179823066347765
31.886,16.868085106382978,12.487266289401084
32.002,16.84104627766601,12.142965985449115
32.125,16.791919191919192,12.167500163540238
32.243,16.821862348178144,12.179823066347765
32.363,16.906779661016941,12.460753803292517
32.489,16.851020408163265,12.229491192650318
32.612,16.827586206896541,12.19218342974589
32.728,16.869215291750493,12.142965985449115
32.839,16.925373134328368,12.500586060722039
32.977,16.889352818371606,12.369270934662545
33.096,16.894000000000005,12.106440993376328
33.206,17.004132231404952,12.305144269206517
33.316,17.027833001988085,12.07024313145784
33.43,17.119760479041929,12.094338933486132
33.543,17.244306418219452,12.317889929387787
33.66,17.253112033195009,12.330675219418115
33.771,17.088932806324124,12.034367544069555
33.879,17.155555555555566,12.167500163540238
33.988,17.264344262295083,12.25455386161522
34.104,17.25742574257427,12.046290560490295
34.225,17.218934911242599,12.022479806758046
34.34,17.335390946502059,12.279771022391095
34.462,17.27104722792609,12.267143031424556
34.568,17.308300395256907,12.034367544069555
34.666,17.233663366336629,12.046290560490295
34.78,17.31360946745562,12.022479806758046
34.899,17.338809034907598,12.267143031424556
35.015,17.169999999999987,12.106440993376328
35.13,17.152046783625735,11.951884600598888
35.249,17.249516441005795,11.905505156073778
35.366,17.194881889763792,12.010627174865807
35.479,17.167630057803478,11.882516681686722
35.6,17.212424849699403,12.118579400213413
35.721000000000004,17.146435452793838,11.882516681686722
35.837,17.165999999999997,12.106440993376328
35.95,17.126705653021446,11.951884600598888
36.063,17.168000000000006,12.106440993376328
36.187,17.115234375,11.963564269290281
36.292,17.091254752851711,11.803091763655576
36.404,17.096958174904955,11.803091763655576
36.519,17.157684630738515,12.094338933486132
36.64,17.159392789373811,11.791874661932122
36.756,17.429980276134131,12.022479806758046
36.872,17.453154875717019,11.836935805639119
36.984,17.521484375,11.963564269290281
37.096,17.591439688715951,11.940239019914216
37.209,17.568480300187616,11.7252360653313
37.319,17.569832402234624,11.681431913035434
37.437,17.595744680851055,11.905505156073778
37.562,17.633720930232556,11.917049461514871
37.68,17.607350096711798,11.905505156073778
37.795,17.620155038759691,11.917049461514871
37.919,17.633204633204627,11.893994283167116
38.034,17.605607476635527,11.703272606284258
38.147,17.624535315985128,11.670557246819298
38.266,17.78998073217727,11.882516681686722
38.377,17.976967370441457,11.859660653987133
38.499,18.0,11.848281910938574
38.614,18.029304029304029,11.584637802810684
38.734,18.177007299270059,11.563452337672809
38.851,18.204044117647072,11.605939944039623
38.964,18.247169811320759,11.75841397008314
39.086,18.275797373358358,11.7252360653313
39.202,18.159420289855063,11.521427202858062
39.317,18.231464737793857,11.510992199267688
39.429,18.231464737793857,11.510992199267688
39.541,18.275797373358358,11.7252360653313
39.66,18.363128491620103,11.681431913035434
39.777,18.24057450628365,11.469533461342943
39.9,18.218637992831532,11.45923846535746
40.016,18.324675324675326,11.659712845787835
40.122,18.339317773788139,11.469533461342943
40.231,18.257548845470694,11.408175418228664
40.353,18.24381625441697,11.377862763319452
40.478,18.223008849557516,11.387940163754807
40.591,18.328413284132836,11.62735983662834
40.71,18.215686274509807,11.428518740184002
40.821,18.362132352941188,11.605939944039623
40.945,18.237500000000011,11.438731227767706
41.073,18.357664233576656,11.563452337672809
41.187,18.309090909090912,11.542382487054521
41.295,18.329842931937179,11.308060920955366
41.417,18.380255941499087,11.574030552396971
41.54,18.421818181818168,11.542382487054521
41.659,18.372616984402072,11.268745456443371
41.78,18.423913043478251,11.521427202858062
41.894,18.367417677642976,11.268745456443371
42.017,18.427536231884062,11.521427202858062
42.138,18.488576449912131,11.347790054043207
42.249,18.432055749128921,11.298193554950561
42.372,18.374350086655113,11.268745456443371
42.494,18.472027972027973,11.317954140384984
42.609,18.431899641577047,11.45923846535746
42.728,18.389273356401389,11.258980386492537
42.851,18.386206896551727,11.239526031450513
42.972,18.238500851788757,11.172220213147376
43.088,18.351118760757316,11.229836528855575
43.195,18.248730964467001,11.134297535984503
43.319,18.237113402061851,11.220171998966052
43.434,18.269565217391317,11.288351929925172
43.55,18.213804713804706,11.106107151448372
43.663,18.226510067114106,11.087431873024006
43.781,18.167504187604692,11.078129429745783
43.9,18.100840336134468,11.096757747403071
44.016,18.133790737564311,11.210532334658291
44.129,18.106779661016958,11.143742056044944
44.25,18.040885860306645,11.172220213147376
44.37,17.943972835314099,11.153210607409862
44.482,17.925170068027199,11.162703292200666
44.597,17.842016806722683,11.096757747403071
44.723,17.888888888888886,11.191327177499788
44.837,17.745065789473671,10.977321385755983
44.96,17.798986486486484,11.124876945711122
45.065,17.884550084889639,11.153210607409862
45.182,17.87377049180327,10.959286081752754
45.291,17.834162520729677,11.022801375704125
45.409,17.970297029702976,10.995445858758245
45.521,18.0,11.115480184306794
45.646,17.961165048543677,10.888022099075471
45.763,17.912762520193866,10.879211326581675
45.885,17.983388704318941,11.031965270234059
46.006,18.126666666666665,11.050361709492794
46.122,18.197389885807496,10.932398725135236
46.235,18.288888888888891,10.783680972027183
46.356,18.347402597402606,10.905707934857247
46.473,18.448105436573314,10.986372430239268
46.596000000000004,18.5631067961165,10.888022099075471
46.719,18.57007874015747,10.741080567727701
46.843,18.673501577287055,10.74956033608245
46.965,18.861290322580658,10.870421869092583
47.08,19.044515103338625,10.792261921850439
47.19,19.180487804878055,10.914583172264475
47.307,19.2037914691943,10.758060181091261
47.421,19.295597484276726,10.73262079708585
47.542,19.223809523809535,10.783680972027183
47.664,19.390205371248015,10.758060181091261
47.789,19.350931677018622,10.665653218458809
47.907,19.389408099688467,10.682277758787677
48.032,19.479099678456578,10.852906556268636
48.154,19.465543644716689,10.59178990801823
48.262,19.414110429447845,10.599921386661384
48.376,19.549206349206344,10.783680972027183
48.494,19.543035993740233,10.707360688516129
48.61,19.497674418604646,10.657369945475141
48.732,19.67511885895405,10.775120419023761
48.846000000000004,19.575899843505482,10.707360688516129
48.96,19.575663026521056,10.690619176831285
49.08,19.656786271450869,10.690619176831285
49.2,19.666160849772382,10.54339016765179
49.32,19.812792511700479,10.690619176831285
49.439,19.756797583081578,10.519437300365514
49.553,19.819722650231114,10.62442842891071
49.67,19.899691358024683,10.632635219609572
49.789,19.940092165898619,10.608071584983858
49.905,19.960000000000008,10.616240574949655
50.022,19.977168949771681,10.559449764387384
50.146,20.030487804878049,10.567507076287685
50.266,19.676291793313084,10.551410818072661
50.391,18.270986745213548,10.386715162744474
50.509,16.426253687315636,10.394383979090415
50.63,14.877192982456137,10.348623554191937
50.751,13.729323308270665,10.495646622428001
50.876,12.997045790251121,10.402069771905701
50.993,12.104258443465483,10.371428210061328
51.119,11.187028657616906,10.511489143959231
51.241,10.638483965014586,10.333503585514745
51.364,9.9912536443148667,10.333503585514745
51.482,9.463768115942031,10.303461001707717
51.605,8.8257142857142981,10.22948379277538
51.73,8.2826086956521863,10.303461001707717
51.854,7.9674074074074213,10.417492538282231
51.97,7.7334315169366619,10.386715162744474
52.085,7.6107091172214041,10.295991123751056
52.207,7.5923295454545325,10.200334965472544
52.329,7.6130867709815107,10.207598855938027
52.45,7.5744985673352403,10.244152028119633
52.563,7.6419400855920117,10.22217321417253
52.689,7.7624633431084931,10.363809949824754
52.8,7.8231966053748181,10.17863578944521
52.927,7.891701828410703,10.149917351572526
53.055,7.94950911640953,10.13564879517034
53.181,8.039325842696627,10.142775562382047
53.297,8.0749999999999886,10.086177653047841
53.42,8.2253521126760631,10.157074215611763
53.539,8.2359712230215791,10.266272922412735
53.652,8.3237822349570081,10.244152028119633
53.773,8.2580195258019558,10.107290897750858
53.88,8.2959326788218846,10.13564879517034
54.002,8.4091539528432691,10.079169189116579
54.116,8.4798890429958362,10.079169189116579
54.233,8.5544827586206793,10.051280407329163
54.351,8.6873239436619656,10.157074215611763
54.478,8.6544217687074934,9.9825566631937939
54.598,8.7130919220055603,10.100238456399911
54.718,8.7046070460704641,9.9622122655020657
54.838,8.7183288409703437,9.9352784609888563
54.958,8.7478991596638593,10.128536997326659
55.081,8.7163978494623677,9.9218930393160178
55.197,8.7516778523489904,9.915220539047187
55.318,8.7472527472527588,10.030514752391683
55.443,8.8695073235685697,9.8754656565257708
55.559,8.9973439575033183,9.8623196771825548
55.68,9.1237964236588596,10.037422361841715
55.802,9.2113821138211449,9.9622122655020657
55.924,9.2503401360544331,9.9825566631937939
56.038,9.1848404255319167,9.8688861150782508
56.153,9.3025780189959164,9.9689799353617268
56.274,9.2906208718626146,9.8361840950080204
56.398,9.3254281949934068,9.8231938048841627
56.515,9.28010471204189,9.7909414088065034
56.641,9.2094861660079061,9.8231938048841627
56.761,9.229870129870136,9.7526537345900444
56.89,9.1806451612903288,9.7210873779874092
57.011,9.1597938144329873,9.7148107233198182
57.133,9.087516087516093,9.7085461825313555
57.254,9.0883905013192532,9.8296825270396067
57.366,9.0371794871794862,9.6898248549715884
57.48,9.0118733509234801,9.8296825270396067
57.594,8.9987244897959044,9.6650303370667281
57.708,8.9868421052631504,9.8167178862766491
57.831,8.8686224489795791,9.6650303370667281
57.953,8.8055908513341876,9.6465585582724973
58.068,8.716096324461347,9.6343025767070039
58.18,8.6468354430379861,9.6281920360205042
58.299,8.5474083438685113,9.6220930796952295
58.417,8.4341772151898624,9.6281920360205042
58.538,8.3971722365038488,9.7022937166877181
58.648,8.2930174563591095,9.5557587820795042
58.704,8.2661691542288622,9.5438444008590313
58.829,8.3155279503105533,9.5379038575589341
58.949,8.3188775510204209,9.6650303370667281
59.075,8.3511166253101692,9.5319743665562484
59.198,8.317721518987355,9.6281920360205042
59.315,8.2629629629629733,9.5083662428344926
59.43,8.3251533742331389,9.4791006990282991
59.542,8.3386308068459698,9.4616702353260873
59.666,8.3450789793438673,9.4328314029899083
59.787,8.4122699386502973,9.4791006990282991
59.897,8.4367396593673902,9.4385781258688457
60.007,8.4594594594594525,9.4849322427590259
60.126,8.5,9.5438444008590313
60.246,8.4440433212996311,9.387231459675105
60.366,8.4466019417475593,9.427095138038073
60.479,8.4627403846153868,9.3815777282642223
60.591,8.5686977299880596,9.3534611243898311
60.708,8.5372405372405353,9.4558813610624721
60.825,8.5287769784172553,9.3703007672351433
60.941,8.5036144578313326,9.3928953991631339
61.062,8.5646500593119868,9.3200517433511649
61.164,8.5354993983152951,9.387231459675105
61.244,8.5938967136150097,9.2706005307738248
61.352,8.6186540731995365,9.297976191797316
61.469,8.6040914560770148,9.387231459675105
61.59,8.5535714285714164,9.3367117175706937
61.708,8.5904761904761813,9.3367117175706937
61.828,8.5468384074941355,9.259717599549294
61.938,8.6513545347467584,9.2869969287455643
62.055,8.5863267670915491,9.2112131825602148
62.173,8.5641330166270677,9.3255951803172739
62.288,8.6766743648960869,9.195213207275712
62.406,8.6403207331042324,9.1582009766998542
62.532,8.5979142526071826,9.2112131825602148
62.645,8.6453819840364758,9.1372502425331863
62.748,8.586757990867568,9.1424744794680208
62.84,8.6174418604651066,9.2272967509858361
62.939,8.6262857142857001,9.1477076637354227
63.062,8.6815578465063084,9.1582009766998542
63.184,8.7311212814645387,9.1529498209177405
63.299,8.7239819004524861,9.1009289816733911
63.42,8.7278911564625901,9.1112623795762619
63.52,8.7979568671963762,9.1164422600316399
63.628,8.7977401129943473,9.095775414565944
63.751,8.8116591928251182,9.0599432801338047
63.873,8.8465845464725703,9.0548588029839987
64.001,8.8494983277591928,9.0346059328398614
64.124,8.8542825361512882,9.0245301895818564
64.243,8.8531701890989893,9.0245301895818564
64.355,8.8070562293274577,8.984560809184174
64.47,8.8013245033112639,8.9895280341466943
64.585,8.7770491803278787,8.9451164113884758
64.711,8.7616974972796413,8.9255875052490943
64.829,8.7334777898158222,8.9061855973474735
64.922,8.7027027027027088,8.8965318383982144
65.052,8.6911447084233373,8.8917166833212669
65.171,8.6989247311827853,8.8725337351134819
65.296,8.7164339419978489,8.8677573117591599
65.417,8.7164339419978489,8.8677573117591599
65.527,8.7098501070663872,8.8534740635393643
65.65,8.7228144989339,8.8345363531273655
65.767,8.6999999999999886,8.8251128276337791
65.882,8.7536997885835035,8.7970216513817689
66.003,8.7694736842105385,8.7784421254736937
66.118,8.8471204188481636,8.7553819529596293
66.243,8.84375,8.7325020434730671
66.352,8.9067357512953436,8.7098000592991802
66.466,8.9007238883143884,8.7007685691315864
66.589,8.9007238883143884,8.7007685691315864
66.709,8.940206185567007,8.6872737049504245
66.836,8.9579487179487103,8.6649207261908714
66.948,8.9518442622950829,8.6604707399847261
67.07,8.9816326530612116,8.6427389090878854
67.192,8.9877800407331847,8.6339136191084904
67.302,8.9736040609137149,8.6207260790903639
67.422,8.9655521783181484,8.6119677837291171
67.526,8.965656565656559,8.5988801001326074
67.612,8.9909365558912384,8.5858517267619483
67.724,8.9909365558912384,8.5858517267619483
67.843,9.0180904522613048,8.5771988737629545
67.958,9.0370741482965968,8.5642683600178575
68.072,9.0469530469530355,8.5513959752227056
68.189,9.0469530469530355,8.5513959752227056
68.305,9.0577689243027919,8.5385812848875293
68.417,9.0577689243027919,8.5385812848875293
68.535,9.0912698412698489,8.5215840355558203
68.659,9.0909990108803242,8.5089023012966916
68.772,9.0797244094488292,8.4878909357538976
68.895,9.079567779960712,8.4795297319595448
69.013,9.1175318315377183,8.4670339853306302
69.139,9.1075268817204176,8.4587340184551802
69.266,9.1295034079844299,8.4422068233705794
69.392,9.1694094869312721,8.4175961153124437
69.513,9.2304725168756079,8.4013076809874825
69.635,9.2562380038387744,8.3810790768971017
69.76,9.2883141762452226,8.373028322248496
69.883,9.2590822179732299,8.3650006505289927
70.004,9.2827125119388825,8.360995436312713
70.12,9.306666666666672,8.349014115957063
70.233,9.3139866793530075,8.3450317379020831
70.354,9.3364928909952596,8.3291588424373728
70.472,9.3364928909952596,8.3291588424373728
70.593,9.3532196969696884,8.325204705720914
70.7,9.3566037735849079,8.3094441085417454
70.816,9.3879472693031971,8.3015971952932297
70.94,9.3725305738475981,8.2976820391903132
71.045,9.3881578947368496,8.2937723994302193
71.221,9.3911819887429715,8.2859696171805393
71.347,9.4298978644382601,8.2434432349538564
71.469,9.4267281105990719,8.2129216756167658
71.591,9.4498175182481816,8.1715009860711216
71.702,9.4549590536851724,8.1603124138858352
71.823,9.4810126582278542,8.1343828601120141
71.914,9.5058611361586998,8.123345358392184
72.041,9.544883303411126,8.1050486155697925
72.149,9.5689964157706129,8.0977643420014438
72.26,9.5683646112600513,8.0868745392291235
72.384,9.5948352626892301,8.0724226797142364
72.501,9.6358792184724678,8.0616343162359225
72.62,9.6221238938053091,8.0473166595719903
72.737,9.6402116402116462,8.033074759942652
72.859,9.6953467954346024,8.0153779046376918
72.976,9.7110332749562076,8.0048155752551438
73.086,9.7342657342657333,7.9977970961948825
73.206,9.732578397212535,7.9838151533688659
73.324,9.7460869565217365,7.9768515300734064
73.446,9.7732406602953859,7.9733765207967906
73.559,9.7883781439722384,7.9664400578122443
73.679,9.7816291161178412,7.9629785845244037
73.803,9.7920621225194111,7.9457384111934566
73.917,9.8407917383821086,7.9354477145402242
74.031,9.8245915735167557,7.9320263261253121
74.145,9.8464837049742755,7.9217885595129474
74.255,9.9275979557069718,7.8946797880097543
74.371,9.9243197278911452,7.88794581560051
74.42,nan,-1.0
74.471,nan,-1.0
74.493,9.9252971137521229,7.8812289845512931
74.601,9.9377104377104502,7.8478994219229996
74.719,9.9321608040200999,7.828102796587709
74.805,9.9598662207357904,7.8215370194608456
74.9,9.9858333333333462,7.8084546982171972
75.016,9.9917149958575067,7.7857171729615935
75.139,10.004139072847693,7.782485083938413
75.258,10.03960396039605,7.7695967171502911
75.376,10.03960396039605,7.7695967171502911
75.492,10.055921052631589,7.7567719384056799
75.627,10.095823095823107,7.7408295916871861
75.742,10.117743254292719,7.7344800189872931
75.858,10.112469437652805,7.7218274360445687
75.953,10.090170593013823,7.7092365158651397
76.074,10.115695792880246,7.6935838183214242
76.191,10.092891760904678,7.6873492820407856
76.284,10.13929146537842,7.6749253753100977
76.416,10.14871382636656,7.6687358837945725
76.534,10.156500802568218,7.6625612867022852
76.655,10.194422310756977,7.6349583257623292
76.769,10.235527359238688,7.6167205981152097
76.876,10.247040252565114,7.5986124506463018
76.985,10.236220472440948,7.5896064908711578
77.111,10.249213836477992,7.5836202092015661
77.22,10.231010180109621,7.5687160210388074
77.338,10.274570982839322,7.5538990269290149
77.458,10.299844236760123,7.5479964533838224
77.563,10.34701781564678,7.527445468552866
77.658,10.375096674400623,7.5216044032754574
77.799,10.426481909160884,7.5041621396280869
77.907,10.463133640552996,7.4954862114724898
78.023,10.442145593869725,7.4868401880600857
78.147,10.44180704441041,7.4839647960663447
78.262,10.466463414634148,7.4667814686547969
78.369,10.477702191987902,7.4355825365540511
78.478,10.501883948756586,7.4243336704504799
78.589,10.521021021021028,7.410343834343637
78.706,10.521706586826355,7.399208500214951
78.814,10.583643122676591,7.3743356851258746
78.927,10.604737231680247,7.3578919277659143
79.047,10.635761589403984,7.3361363728238338
79.163,10.62756598240469,7.3226363526842571
79.285,10.66229029905179,7.3038604104454814
79.398,10.672489082969435,7.2958574910403149
79.514,10.719247467438493,7.2746437846688377
79.628,10.725631768953065,7.266736021563923
79.736,10.733766233766232,7.2641058017236801
79.817,10.736161035226445,7.2509972308447974
79.944,10.725574712643692,7.2483839866820379
80.054,10.765546819156526,7.2301697184537419
80.167,10.797142857142859,7.2275788259289291
80.284,10.878464818763319,7.2095199051919989
80.389,10.859065155807372,7.1967028902987327
80.493,10.859065155807372,7.1967028902987327
80.612,10.850672328379346,7.1941476456837856
80.702,10.866525423728802,7.1864981421206524
80.804,10.894291754756864,7.1788728838733311
80.92,10.907876230661032,7.1712717430254447
81.01,10.893183415319754,7.1687433668585658
81.116,10.86395511921458,7.1611741851907373
81.214,10.914046121593287,7.1486117598055134
81.32,10.954134815844327,7.1286480854609868
81.424,10.96606648199446,7.1162550328812966
81.539,10.974500344589927,7.0990123766508031
81.66,10.993131868131854,7.0867723146901209
81.786,11.004801097393681,7.0818939092990263
81.912,11.022525597269635,7.064898145886259
82.034,11.02316076294278,7.0576514469916232
82.141,11.006802721088434,7.0528326299188118
82.264,11.066485753052916,7.0432244025891517
82.378,11.070460704607058,7.0384349259059444
82.48,11.07889413351316,7.0217480399870587
82.589,11.073450134770894,7.0193738313926914
82.709,11.071284465366517,7.0122655648936911
82.814,11.118200134318329,7.0075386464439173
82.934,11.156270959087863,7.0028212313685518
83.04,11.152712659075689,6.9981132878376373
83.139,11.197860962566835,6.9910690624257201
83.25,11.223262032085557,6.9910690624257201
83.365,11.210386151797593,6.9770439063333489
83.478,11.240851630073195,6.9747145396864321
83.603,11.280690112806894,6.965420243730251
83.714,11.329815303430081,6.9446425820878073
83.832,11.322793148880095,6.9400504069684477
83.932,11.322834645669303,6.9263280991677743
84.06,11.33420707732634,6.921771970363082
84.18,11.375244299674279,6.9013795764091297
84.309,11.401298701298714,6.8901277026918475
84.427,11.435515230071303,6.8834028154521185
84.549,11.426261319534291,6.8766974892446013
84.663,11.43492268041237,6.8633451416268176
84.777,11.44736842105263,6.8500699096180986
84.892,11.453614843250165,6.8390655897620594
85.006,11.470401018459569,6.821567943567179
85.13,11.498096446700515,6.810699555234506
85.244,11.512010113780036,6.7977254825163529
85.359,11.536432160804026,6.7762650464644452
85.48,11.549498746867158,6.7677373322321097
85.612,11.550624999999997,6.7592415783347066
85.726,11.550842170929513,6.7528906169062477
85.844,11.561021170610218,6.7465574375565067
85.967,11.588674548848786,6.7444503150012869
86.083,11.674289245982692,6.7214008909028387
86.188,11.678153846153833,6.7068549392440318
86.307,11.685661764705884,6.69240255935948
86.43,11.705198776758408,6.6862370783639902
86.553,11.743292682926835,6.6759988494556168
86.668,11.767597087378647,6.6597145814424747
86.781,11.783161720169602,6.6536384790608825
86.904,11.830611010284343,6.6495969254110818
87.022,11.83403741701872,6.6415357534034252
87.144,11.837854128993371,6.6375160909655069
87.253,11.841441441441447,6.6255005353818772
87.375,11.872302158273385,6.6195170536350778
87.497,11.912081339712927,6.6115641105633953
87.618,11.901610017889084,6.6016629226799166
87.736,11.877453896490181,6.5937737588770382
87.857,11.877599524658336,6.5898397147545973
87.97,11.870260663507111,6.5800351726774826
88.09,11.951061320754718,6.5644380667870577
88.213,11.997060552616119,6.5547457292666031
88.328,11.967723004694847,6.5489507882104991
88.445,11.954891622729946,6.5431711108181503
88.556,11.953801169590633,6.5374066301314668
88.678,11.980791618160652,6.5221084718386368
88.795,11.980791618160652,6.5221084718386368
88.91,12.037144515380163,6.512601205018421
89.024,12.048667439165712,6.506916659386877
89.146,12.061378112333529,6.5050250989103233
89.255,12.091695501730101,6.4918299650777653
89.38,12.062788018433167,6.488074574226089
89.495,12.125287356321849,6.4805832007417781
89.611,12.151688609044072,6.4675351788646136
89.732,12.168475157053109,6.4601142747978448
89.852,12.170940170940185,6.4527187222071047
89.973,12.121729237770182,6.4471886079007179
90.087,12.16931818181817,6.4435097124595222
90.205,12.179036827195461,6.4343398101485532
90.327,12.157716223855289,6.4270318598855285
90.448,12.163092550790054,6.4215671218423678
90.566,12.166854565952661,6.4179316565055329
90.686,12.174915635545545,6.4106791119930797
90.808,12.197088465845468,6.396247086944884
90.921,12.182224706539955,6.3908600177347434
91.033,12.16927374301676,6.389067334159793
91.159,12.172991071428584,6.3854864636711151
91.276,12.183137911781131,6.3872761501691766
91.396,12.212813370473526,6.3801263682756364
91.521,12.256936736958949,6.3676715034956564
91.635,12.271871539313395,6.3605869276745173
91.748,12.303867403314911,6.3535258175346243
91.87,12.309983452840584,6.3482453064062767
91.985,12.322882288228811,6.3394734777155071
92.112,12.342307692307685,6.3359748578365682
92.228,12.363686231486554,6.3307377123417208
92.354,12.388858547241938,6.3168348845503406
92.479,12.416575790621579,6.3116447591149853
92.587,12.404034896401299,6.3116447591149853
92.707,12.401086956521738,6.3013025610177369
92.83,12.42136659436008,6.2944357838729417
92.953,12.439697133585724,6.2858836235293705
93.064,12.4670981661273,6.2773660342771702
93.18,12.476549865229117,6.275666644454728
93.297,12.495442359249324,6.2587478853882734
93.419,12.533155080213902,6.2503393716224291
93.538,12.54429028815369,6.243636769802885
93.66,12.557620817843855,6.2286339684421872
93.77,12.569909622541189,6.2319586301749537
93.892,12.550317796610159,6.2203454058015231
94.005,12.569011105235319,6.215388032727958
94.125,12.586462189317814,6.215388032727958
94.242,12.627109704641356,6.2071518682885172
94.364,12.621052631578948,6.2005863245738073
94.481,12.618697478991606,6.1940414517305475
94.563,12.629396325459311,6.1924084506270241
94.703,12.680272108843525,6.1826373380493331
94.829,12.71607515657621,6.1745297787534845
94.945,12.730067743616473,6.1696804379992845
95.067,12.730109204368176,6.1632322854158685
95.189,12.737305699481851,6.1519962216144188
95.306,12.743019648397109,6.1456029803317271
95.423,12.766890149561618,6.1376392247715668
95.544,12.79845758354756,6.12812322352368
95.663,12.830942622950829,6.1170766410694801
95.781,12.831627430910942,6.1139313665105304
95.892,12.83818274629914,6.1060892325627787
96.013,12.8419173890872,6.1029607677539817
96.126,12.847759674134409,6.0982770203693279
96.243,12.865277071682755,6.093603976376655
96.361,12.874746450304258,6.0858392444503755
96.485,12.865316455696217,6.0811945441908035
96.593,12.867914979757074,6.0796486583095204
96.711,12.887316826680149,6.0750180225225172
96.824,12.869762746087844,6.0719367687764079
96.946,12.895770392749256,6.0642539774023305
97.068,12.956827309236957,6.0550727801300956
97.193,12.944332998996998,6.0520215798413801
97.316,12.944999999999993,6.0428954143565043
97.436,12.935596605092371,6.0383476933775295
97.554,12.960676953708315,6.0292827837231142
97.673,12.960179193628676,6.0292827837231142
97.782,12.951741293532336,6.027775906928234
97.902,12.951741293532336,6.027775906928234
98.016,12.993545183713991,6.0217596098610322
98.136,13.032194155522546,6.0142643571538619
98.255,13.050914483440437,6.0082881422546688
98.372,13.063241106719374,6.0067968531092708
98.497,13.087149187592331,5.9963886398892425
98.613,13.102702702702715,5.9904651789715899
98.727,13.115252574791555,5.9845591302559304
98.848,13.141527913809995,5.9801409691750376
98.968,13.154598825831698,5.9772009254617577
99.085,13.160566129819415,5.9698696288692386
99.204,13.169185763042407,5.9669446077895678
99.322,13.145498783454997,5.9611073612461896
99.434,13.17735665694849,5.9567405816971828
99.551,13.184466019417471,5.9538346880663138
99.673,13.203972868217051,5.9480355572079189
99.791,13.217979700338333,5.9408102692321672
99.916,13.218840579710132,5.9393683490347691
100.035,13.249638554216858,5.9321743657275441
100.155,13.260597302504806,5.9307386838255294
100.277,13.249398170438127,5.9293040372610122
100.396,13.229846449136289,5.9192903964131771
100.521,13.221370388116924,5.9150142422345517
100.634,13.234083293441842,5.9121685835924023
100.739,13.257525083612052,5.9064894882964731
100.863,13.267175572519079,5.9022408227953349
100.981,13.263935207241531,5.8980012547191381
101.101,13.274761904761903,5.8965900813951357
101.219,13.276879162702187,5.8937707516066604
101.339,13.282794676806077,5.8909554363324057
101.457,13.290736342042749,5.8895492811586303
101.562,13.310426540284368,5.8825334824493032
101.695,13.324349881796678,5.8755425374633674
101.813,13.324515824279644,5.872753085636198
101.929,13.33694627709707,5.8657966898742639
102.049,13.345737164390016,5.8644083558115119
102.165,13.386459802538781,5.8588647980622195
102.283,13.405912717034255,5.8533368308463638
102.397,13.387640449438209,5.8464486847964041
102.518,13.414531904983704,5.8313794137775163
102.638,13.441299303944305,5.8204923720744555
102.757,13.455386037910301,5.8096656876061372
102.875,13.47528868360277,5.8069683819498366
102.995,13.452238117212744,5.8042748051900617
103.114,13.468232044198885,5.7975571208759975
103.222,13.484375,5.7921996250593146
103.347,13.483249196879314,5.788191172068534
103.465,13.478699038021063,5.7828594057705311
103.589,13.49680073126143,5.7762152355873848
103.711,13.462380300957591,5.7695937636324235
103.832,13.485870556061997,5.7682721816485207
103.952,13.484972677595636,5.7656317218541036
104.071,13.477924442421482,5.7643128419925427
104.189,13.482711555959952,5.7629948607901058
104.314,13.482742960944591,5.7577319021670341
104.435,13.5,5.7551057883296854
104.555,13.509963768115938,5.7498642511012354
104.671,13.517881394296069,5.7485560880896047
104.792,13.542495479204348,5.7446369140974358
104.907,13.562839059674502,5.7446369140974358
105.027,13.578828828828819,5.7342245848157809
105.152,13.54721223021582,5.7290394655713648
105.264,13.561545372866135,5.7264521397208972
105.366,13.590134529147974,5.7212879164455366
105.49,13.600537393640849,5.7174238432130009
105.612,13.604567845947145,5.7174238432130009
105.721,13.615831842576029,5.7135675359777469
105.839,13.613941018766752,5.7110009660791663
105.96,13.642410714285717,5.7084378284930608
106.085,13.630075858991518,5.7071575444244687
106.215,13.648997772828494,5.7020449507261803
106.329,13.659262549977797,5.694401583527128
106.451,13.675687666370891,5.690591330225053
106.574,13.68780487804878,5.6893229329109509
106.697,13.699158174567998,5.6867886633571088
106.819,13.696594427244577,5.6817301984889932
106.936,13.698587819947051,5.6754259301812544
107.047,13.689153439153444,5.6729100520658422
107.169,13.722711267605632,5.6678882484429849
107.292,13.737676056338017,5.6678882484429849
107.413,13.729670329670341,5.6641305755481817
107.539,13.725834797891025,5.6628796663738745
107.659,13.76084099868595,5.6541462878795112
107.778,13.773840769903757,5.6504156757816988
107.895,13.790209790209786,5.6479326713153153
108.011,13.811872544740282,5.6442142522486058
108.125,13.819808027923216,5.6429763990542643
108.241,13.811164413432181,5.641739354302449
108.354,13.842334494773525,5.6380330619005701
108.477,13.844647519582253,5.635566226399142
108.596,13.847590099869734,5.6294131780031771
108.713,13.864524533217548,5.6294131780031771
108.832,13.875434027777771,5.6281849682784895
108.952,13.891294932871375,5.6220558717864044
109.063,13.902946273830167,5.6232801003437061
109.184,13.897923875432525,5.6183879445781777
109.304,13.929589632829362,5.6147271370809868
109.415,13.944756150194223,5.6122905427646472
109.532,13.944756150194223,5.6122905427646472
109.655,13.935720448662636,5.6110734262592352
109.775,13.929711082363099,5.6098570957245331
109.896,13.937526928048243,5.6074267891815515
110.02,13.937526928048243,5.6074267891815515
110.144,13.947889750215325,5.606212811483605
110.261,13.969005596211787,5.604999616377035
110.374,13.978933791917456,5.601364718195371
110.486,14.0,5.595322128080956
110.608,14.008568980291358,5.5917058814252281
110.728,14.040667808219183,5.5892989145762799
110.849,14.054319931565431,5.5868950314190684
110.97,14.082408198121271,5.5820964898468608
111.083,14.08962868117797,5.5808987714909506
111.208,14.125266297400941,5.5761155417126007
111.325,14.119625372498945,5.5737285016225888
111.441,14.155678434708648,5.5713445027511748
111.558,14.161564625850332,5.5701536417524675
111.676,14.161564625850332,5.5701536417524675
111.793,14.186757215619707,5.5653977685475695
111.919,14.194656488549612,5.5630243631826959
112.026,14.206355932203394,5.560653970110387
112.151,14.202451394759095,5.5535608009866086
112.27,14.192226446979305,5.5523812242828781
112.384,14.228402865571013,5.5453194012396203
112.5,14.237573715248516,5.5441450296107657
112.626,14.23284210526316,5.542971398434613
112.746,14.23707440100884,5.5382842626962345
112.865,14.23707440100884,5.5382842626962345
112.981,14.241495170096584,5.5359451173462562
113.111,14.232285115303995,5.5312756407798931
113.231,14.263400335008384,5.5277812215004127
113.345,14.250209205020923,5.5254552581813527
113.462,14.261705685618722,5.5231322073703355
113.58,14.26408010012517,5.5173372826959843
113.69,14.262718932443704,5.5161804692541949
113.808,14.252188411838262,5.5150243778837176
113.933,14.252188411838262,5.5150243778837176
114.055,14.254999999999995,5.5138690078325876
114.179,14.283277870216295,5.509254725820588
114.292,14.275862068965523,5.5058015514811052
114.415,14.292652552926512,5.5035030132099561
114.54,14.287966804979249,5.5023548152344128
114.661,14.308872305140966,5.5000605579032893
114.788,14.322981366459629,5.4966245073884012
114.892,14.331953642384093,5.4954805770679034
115.017,14.332920280875669,5.4897715413604251
115.142,14.32577319587628,5.4852170080901992
115.281,14.319043693322328,5.4840801319519752
115.415,14.322633744855978,5.4795396344240697
115.532,14.327848621966268,5.4784062581959629
115.649,14.3436087135224,5.4761415984955706
115.757,14.3436087135224,5.4761415984955706
115.893,14.337166324435316,5.4738797243624218
116.008,14.333333333333343,5.4727498300972215
116.125,14.342634386540823,5.4716206300822776
116.242,14.343852459016404,5.4682371884269072
116.364,14.327056897257478,5.4648599694631939
116.476,14.327056897257478,5.4648599694631939
116.585,14.32883986928104,5.4592450476114287
116.697,14.344912137310985,5.460366657623144
116.818,14.341761827079921,5.4547654583401215
116.933,14.355980471928405,5.4480665501068009
117.058,14.405350628293462,5.4380639622351721
117.183,14.425040518638582,5.4369559359650683
117.301,14.432618373128292,5.4336358862719161
117.411,14.428455941794653,5.4303218660058477
117.534,14.455828963291651,5.4248118480761791
117.654,14.45623235175475,5.4248118480761791
117.776,14.448831587429481,5.4215138172455557
117.895,14.448470209339774,5.4193184438411581
117.981,14.448511665325839,5.4171257152699175
118.13,nan,-1.0
118.154,nan,-1.0
118.174,14.437474869320454,5.4160303411354418
118.298,14.457382953181281,5.4029370817632998
118.411,14.474210315873648,5.4007640210754859
118.523,14.508190171793842,5.3985935605221531
118.648,14.500998003992009,5.3964256949143339
118.769,14.517543859649123,5.3931787507102156
118.883,14.516925527678211,5.3899376160912862
119.002,14.521098726114644,5.388858525906457
119.096,14.505166931637518,5.384548588211775
119.217,14.516090584028603,5.3834727063600072
119.332,14.508730158730145,5.380248896803538
119.448,14.521015067406807,5.3781028807617384
119.563,14.519809825673548,5.3759594110855993
119.669,14.515631183221217,5.3727489699871507
119.782,14.505338078291828,5.3706118442083293
119.906,14.505338078291828,5.3706118442083293
120.013,14.49802371541503,5.3695442299269347
120.122,14.496837944664037,5.3695442299269347
120.237,14.515797788309641,5.3674108954587982
120.353,14.535488958990527,5.3631517854756217
120.475,14.519306540583131,5.3610260000340615
120.595,14.531680440771339,5.3578420199029599
120.692,14.523210070810393,5.3567819435372019
120.797,14.521824616594586,5.3557224913196739
120.93,14.526915520628677,5.3536054568774301
121.055,14.536288740682608,5.3493788508482405
121.184,14.536288740682608,5.3493788508482405
121.301,14.526068208545666,5.3472692695109405
121.419,14.526068208545666,5.3472692695109405
121.535,14.526068208545666,5.3472692695109405
121.644,14.536442006269596,5.3462154071353059
121.766,14.570590535784135,5.3409553539864447
121.885,14.568803752931984,5.3399051908804234
122.008,14.576502732240442,5.335710676839085
122.136,14.581740148263748,5.3346635799312576
122.255,14.591725214676046,5.335710676839085
122.38,14.602419040187272,5.3346635799312576
122.492,14.612714508580353,5.333617094470025
122.619,14.61637426900586,5.332571219859604
122.744,14.631476431632251,5.3304813008121421
122.869,14.642133956386289,5.3294372551876004
122.987,14.63565589723629,5.3283938180388626
123.103,14.63943990665112,5.3263087668026836
123.221,14.654877574815401,5.324226142379417
123.321,14.664724164724163,5.323185738749828
123.446,14.671844660194182,5.3221459400577142
123.564,14.668994955374473,5.3200681551390234
123.68,14.6603334625824,5.3179927829375542
123.789,14.659557968204723,5.3179927829375542
123.907,14.652713178294562,5.3169560001449394
124.026,14.640727835849788,5.3138492580065781
124.148,14.681237911025136,5.311781095968847
124.273,14.670146945088931,5.3107479130269466
124.392,14.676845767298033,5.3097153280317935
124.508,14.698879010436798,5.3097153280317935
124.627,14.704247104247116,5.3066211549562574
124.748,14.707175925925924,5.3045613520739217
124.854,14.721879815100152,5.3004488756574712
124.987,14.736821854559452,5.2973707385246938
125.107,14.753171856978099,5.2953216005533399
125.219,14.779400461183712,5.2942979159006045
125.337,14.779400461183712,5.2942979159006045
125.459,14.803071017274476,5.2912303924858959
125.574,14.792402148887192,5.2902090596476317
125.7,14.800537015726889,5.2891883133539848
125.811,14.822605363984678,5.2861295881236279
125.925,14.819992340099589,5.285111182395096
126.049,14.809724349157733,5.2840933604082663
126.17,14.809487375669477,5.282059465427138
126.3,14.806574923547402,5.2800278987225511
126.423,14.80053496369888,5.2790129870841938
126.538,14.794499618029022,5.2779986558487373
126.658,14.804505536464291,5.276984904462318
126.782,14.787485692483784,5.2749591390248227
126.896,14.788028974456722,5.2729356863555603
127.012,14.801218583396803,5.2699048341607453
127.129,14.794666666666672,5.2709145420501562
127.241,14.815829528158304,5.2678871441685944
127.356,14.825789273488027,5.2668791609720786
127.471,14.825789273488027,5.2668791609720786
127.588,14.825789273488027,5.2668791609720786
127.695,14.836501901140679,5.2658717515806295
127.819,14.852203647416417,5.2638586520333801
127.947,14.852203647416417,5.2638586520333801
128.064,14.844284086593234,5.262852960789612
128.186,14.840546697038718,5.2618478411749718
128.304,14.848956356736238,5.2608432926472837
128.411,14.852048558421842,5.2598393146650881
128.532,14.868889730958699,5.2568307985876288
128.641,14.873863636363637,5.2558290973871635
128.76,14.873863636363637,5.2558290973871635
128.879,14.87585162755488,5.2538273979959182
128.998,14.883465758607656,5.2528273987315206
129.117,14.891493383742898,5.2508290983864496
129.235,14.903286739705322,5.2488330587229779
129.354,14.909399773499445,5.2468392754749518
129.467,14.911731422104879,5.2448477443874868
129.592,14.910633484162901,5.2438528220773835
129.704,14.914813418771189,5.2428584612169224
129.808,14.929943502824869,5.2408714217307848
129.915,14.929943502824869,5.2408714217307848
130.027,14.922439759036138,5.239878742049779
130.139,14.922439759036138,5.239878742049779
130.269,14.912749153817231,5.2369040569376235
130.395,14.906461307287742,5.2339343916990284
130.516,14.906461307287742,5.2339343916990284
130.637,14.906461307287742,5.2339343916990284
130.769,14.906461307287742,5.2339343916990284
130.885,14.91175366128428,5.2329456163705661
131.007,14.924981245311329,5.2299826223332708
131.124,14.920194829524178,5.2270246152963695
131.25,14.925149700598809,5.2240715812636118
131.374,14.935652824541705,5.2230883392868712
131.492,14.935652824541705,5.2230883392868712
131.614,14.94797904191617,5.2240715812636118
131.741,14.958520179372186,5.2201419142492815
131.854,14.958520179372186,5.2201419142492815
131.967,14.958520179372186,5.2201419142492815
132.094,14.959267563527646,5.2201419142492815
132.207,14.968621591333573,5.2191608711554727
132.334,14.960044809559378,5.2181803764999586
132.455,14.965658827920862,5.2172004297711032
132.569,14.967898469578188,5.2172004297711032
132.691,14.95670026129153,5.2172004297711032
132.808,14.950410141685296,5.2142638720381598
132.931,14.948173005219985,5.2142638720381598
133.047,14.943719716734989,5.2132861119129359
133.161,14.947113594040957,5.2113322272902982
133.281,14.947113594040957,5.2113322272902982
133.4,14.947113594040957,5.2113322272902982
133.527,14.947113594040957,5.2113322272902982
133.641,14.959434313360617,5.2093805201237515
133.764,14.959434313360617,5.2093805201237515
133.88,14.968377976190482,5.2084054818211216
134.004,14.988095238095241,5.2084054818211216
134.123,14.998512458162878,5.2074309863653632
134.239,14.994797473058355,5.2054836219777245
134.362,15.003714710252609,5.2045107520391181
134.473,15.003340757238306,5.2025666341604149
134.59,15.011511325659114,5.2035384229339243
134.703,14.998143334571097,5.2035384229339243
134.825,15.017446176688935,5.2025666341604149
134.916,15.012253991830676,5.2035384229339243
135.042,15.00185597624349,5.2025666341604149
135.166,15.006303299962923,5.1996545048224538
135.281,14.992949907235612,5.2015953852175105
135.402,14.992949907235612,5.2015953852175105
135.52,14.99666295884316,5.1996545048224538
135.637,14.99666295884316,5.1996545048224538
135.748,15.000370644922157,5.1986848723713948
135.869,14.99221357063405,5.1996545048224538
135.984,15.000741015190812,5.1977157777531193
136.107,14.998148833765271,5.195779200024222
136.216,15.006291635825306,5.1948117159198599
136.337,15.01701812800593,5.1938447676608011
136.456,15.02773668639054,5.1928783547517838
136.582,15.012934220251282,5.1909471330060191
136.701,15.012186115214178,5.1890180467332545
136.818,15.012186115214178,5.1890180467332545
136.929,15.02288667404946,5.1880543031678803
137.055,15.030627306273061,5.187091091994386
137.175,15.046828908554573,5.1851662648604684
137.292,15.054920751935128,5.1842046479203461
137.403,15.047162859248346,5.1832435614126977
137.529,15.060795873249816,5.1832435614126977
137.652,15.067378497790855,5.1813229777423659
137.767,15.074714758925296,5.1803634796050231
137.881,15.067696835908748,5.1794045099508343
137.999,15.086029411764713,5.1774881541494953
138.12,15.095920617420063,5.1765307670326939
138.241,15.106171932402646,5.1755739064597419
138.361,15.106171932402646,5.1755739064597419
138.478,15.125917767988255,5.1736617630129329
138.594,15.116697247706412,5.1727064791744004
138.721,15.116697247706412,5.1727064791744004
138.849,15.116697247706412,5.1727064791744004
138.968,15.134580124679132,5.170797484860036
139.098,nan,-1.0
139.124,nan,-1.0
139.15,nan,-1.0
139.176,nan,-1.0
139.202,nan,-1.0
139.221,nan,-1.0
139.236,15.134580124679132,5.170797484860036
139.359,15.144428152492679,5.1698437734232359
139.473,15.147252747252736,5.1679379195926085
139.588,15.17483540599855,5.1641324747142665
139.703,15.166483717526518,5.1650830542791351
139.821,15.167397660818722,5.1622328760377343
139.938,15.167397660818722,5.1622328760377343
140.06,15.191015339663977,5.1603353548000044
140.18,15.198392400438422,5.1612838559761256
140.295,15.198175182481748,5.1584399072109974
140.407,15.198175182481748,5.1584399072109974
140.531,15.200729927007302,5.1584399072109974
140.656,15.207664233576651,5.1584399072109974
140.773,15.206053975200575,5.156546529490317
140.892,15.206053975200575,5.156546529490317
141.009,15.206053975200575,5.156546529490317
141.136,15.212253829321668,5.156546529490317
141.259,15.212253829321668,5.156546529490317
141.38,15.213270142180107,5.1556006156518608
141.5,15.217201166180757,5.1546552178672043
141.623,15.217201166180757,5.1546552178672043
141.737,15.217201166180757,5.1546552178672043
141.857,15.221493624772307,5.1537103356665037
141.969,15.227322404371591,5.1537103356665037
142.092,15.227322404371591,5.1537103356665037
142.21,15.235979606700653,5.1527659685805141
142.33,15.240626137604664,5.1518221161405915
142.448,15.241178610403779,5.1499359533273417
142.568,15.241178610403779,5.1499359533273417
142.691,15.236918604651152,5.1471105572710689
142.803,15.236918604651152,5.1471105572710689
142.922,15.228114783872144,5.1461697828993245
143.041,15.229484386347139,5.1452295199097788
143.163,15.235101744186039,5.1471105572710689
143.283,15.236469306211404,5.1461697828993245
143.407,15.251270878721868,5.1452295199097788
143.528,15.251270878721868,5.1452295199097788
143.639,15.240566037735846,5.1433505262222772
143.764,15.246460980036289,5.1442897678385329
143.874,15.244468625317381,5.1424117945982912
144.0,15.256614715476616,5.1405358594791721
144.117,15.256614715476616,5.1405358594791721
144.239,15.256614715476616,5.1405358594791721
144.357,15.265217391304361,5.1395986550615289
144.475,15.256614715476616,5.1405358594791721
144.593,15.265217391304361,5.1395986550615289
144.713,15.265217391304361,5.1395986550615289
144.829,15.254163649529318,5.1377257702081813
144.941,15.254163649529318,5.1377257702081813
145.054,15.264205573651822,5.1367900888534672
145.175,15.265918958031847,5.1358549142683589
145.292,15.265003615328993,5.1339860835753299
145.407,15.265003615328993,5.1339860835753299
145.528,15.275388507408735,5.1330524265530464
145.647,15.261749819233557,5.1339860835753299
145.759,15.273022751895979,5.1311866268753601
145.879,15.279624277456634,5.1321192744716351
146.009,15.273022751895979,5.1311866268753601
146.116,15.272300469483582,5.1311866268753601
146.199,15.255503428365216,5.1293228433181426
146.32,15.267051605918454,5.1293228433181426
146.437,15.267051605918454,5.1293228433181426
146.556,15.267051605918454,5.1293228433181426
146.675,15.267051605918454,5.1293228433181426
146.798,15.262170934006491,5.1274610722469793
146.918,15.262170934006491,5.1274610722469793
147.034,15.2566690699351,5.1265309402604258
147.156,15.2566690699351,5.1265309402604258
147.273,15.2566690699351,5.1265309402604258
147.397,15.263063063063072,5.1256013100366333
147.506,15.271974063400563,5.1246721811238798
147.628,15.271974063400563,5.1246721811238798
147.717,15.25711199135759,5.1237435530710025
147.823,15.270435722002162,5.1237435530710025
147.948,15.263498920086391,5.1228154254274134
148.072,15.263498920086391,5.1228154254274134
148.185,15.245323741007184,5.1209606695685759
148.298,15.245323741007184,5.1209606695685759
148.415,15.255387931034477,5.117257142999275
148.524,15.260510240747408,5.1181822776178114
148.635,15.264631956912041,5.1163325056517364
148.749,15.264083243631148,5.1144847209859003
148.869,15.264083243631148,5.1144847209859003
148.997,15.277618364418942,5.1135615727771322
149.108,15.278235926855501,5.112638920058413
149.225,15.278653295128947,5.1098739304069305
149.34,15.293443210318884,5.1107950993163191
149.461,15.292412312097355,5.1080330733005974
149.582,15.293381037567087,5.1071133842209671
149.697,15.283977110157366,5.1061941875361585
149.814,15.295779685264677,5.1061941875361585
149.932,15.295779685264677,5.1061941875361585
150.046,15.300929235167985,5.1043572695916932
150.157,15.291175419792779,5.1034395474537613
150.27,15.29249999999999,5.1025223159540927
150.389,15.29249999999999,5.1025223159540927
150.503,15.290472779369622,5.1098739304069305
150.623,15.29792560801144,5.1061941875361585
150.737,15.290253480899679,5.1016055746549194
150.878,15.290253480899679,5.1016055746549194
151.006,15.304534094966073,5.1016055746549194
151.126,15.318473609129825,5.098858287590887
151.241,15.316221033868089,5.0979435027269391
151.361,15.313613684960785,5.0970292058828299
151.482,15.3264433357092,5.0970292058828299
151.596,15.332977207977194,5.0952020745166724
151.707,15.338795867474175,5.0961153966240609
151.823,15.328113879003553,5.0933768900229026
151.937,15.323257467994324,5.091553648940649
152.054,15.328113879003553,5.0933768900229026
152.171,15.325862682319467,5.0924650267713041
152.288,15.329064389896843,5.0924650267713041
152.411,15.329302987197735,5.091553648940649
152.526,15.339266642933438,5.094289239127245
152.643,15.326697476004256,5.0906427560996734
152.761,15.329302987197735,5.091553648940649
152.877,15.335112059765208,5.0924650267713041
152.989,15.339266642933438,5.094289239127245
153.11,15.337366548042695,5.0933768900229026
153.238,15.335112059765208,5.0924650267713041
153.358,15.341871220206343,5.0924650267713041
153.474,15.339736748488093,5.0924650267713041
153.587,15.331911869225308,5.0897323478176482
153.704,15.343283582089555,5.0897323478176482
153.831,15.345894063277626,5.0906427560996734
153.944,15.355366027007818,5.0897323478176482
154.061,15.355366027007818,5.0897323478176482
154.18,15.358537451189221,5.0870040260260279
154.298,15.347069271758443,5.0888224236643822
154.418,15.355366027007818,5.0897323478176482
154.533,15.355366027007818,5.0897323478176482
154.652,15.355926188786384,5.0860955516832247
154.762,15.332386363636374,5.0879129832102157
154.882,15.355926188786384,5.0860955516832247
155.0,15.347177848775289,5.0870040260260279
155.119,15.340546293011698,5.0851875597537486
155.242,15.340546293011698,5.0851875597537486
155.357,15.340546293011698,5.0851875597537486
155.471,15.349290780141843,5.0842800498100713
155.579,15.343019135364983,5.082466474172656
155.705,15.338417878680389,5.0851875597537486
155.825,15.349645390070918,5.0842800498100713
155.929,15.347163120567387,5.0842800498100713
156.039,15.353295535081514,5.082466474172656
156.158,15.376904002833868,5.08156040762651
156.275,15.371590506553304,5.08156040762651
156.399,15.358129649309234,5.08156040762651
156.514,15.361189801699709,5.0806548213613478
156.636,15.379688605803267,5.0788450879749627
156.754,15.371327433628323,5.0797497149522846
156.873,15.371327433628323,5.0797497149522846
156.994,15.371327433628323,5.0797497149522846
157.109,15.371327433628323,5.0797497149522846
157.22,15.371327433628323,5.0797497149522846
157.342,15.372125928546154,5.0779409400055497
157.461,15.358430540827158,5.0761340793977396
157.586,15.366112486735062,5.0779409400055497
157.706,15.358430540827158,5.0761340793977396
157.824,15.358430540827158,5.0761340793977396
157.939,15.358430540827158,5.0761340793977396
158.053,15.361837455830397,5.0752313659142958
158.161,15.361837455830397,5.0752313659142958
158.288,15.356411162133526,5.0743291297486675
158.405,15.35653710247351,5.0752313659142958
158.515,15.351465913104903,5.0743291297486675
158.623,15.351465913104903,5.0743291297486675
158.739,15.338152327221451,5.0698250939632779
158.857,15.338152327221451,5.0698250939632779
158.979,15.338152327221451,5.0698250939632779
159.098,15.334508283397952,5.0689257128771246
159.215,15.314547375836554,5.0671283734277743
159.333,15.324524312896415,5.0680268061711553
159.458,15.317030260380022,5.0644359148049416
159.565,15.32828460725608,5.0671283734277743
159.684,15.332512315270947,5.0644359148049416
159.797,15.332394366197178,5.0662304142299028
159.917,15.32747098135772,5.0635393737462593
160.039,15.332512315270947,5.0644359148049416
160.153,15.353375527426152,5.0626433045699013
160.277,15.36334857544847,5.0635393737462593
160.387,15.353375527426152,5.0626433045699013
160.508,15.357117750439357,5.0617477068613486
160.626,15.353375527426152,5.0626433045699013
160.747,15.353375527426152,5.0626433045699013
160.859,15.349384885764493,5.0617477068613486
160.973,15.353375527426152,5.0626433045699013
161.09,15.353375527426152,5.0626433045699013
161.208,15.353375527426152,5.0626433045699013
161.331,15.349384885764493,5.0617477068613486
161.447,15.353127196064662,5.0608525802065936
161.572,15.353127196064662,5.0608525802065936
161.694,15.353127196064662,5.0608525802065936
161.823,15.353127196064662,5.0608525802065936
161.94,15.353127196064662,5.0608525802065936
162.055,15.335674157303373,5.0590637384049826
162.174,15.328185328185327,5.0581700224326536
162.297,15.328185328185327,5.0581700224326536
162.414,15.328185328185327,5.0581700224326536
162.526,15.328185328185327,5.0581700224326536
162.643,15.328185328185327,5.0581700224326536
162.757,15.328185328185327,5.0581700224326536
162.879,15.328185328185327,5.0581700224326536
163.003,15.328185328185327,5.0581700224326536
163.116,15.328185328185327,5.0581700224326536
163.228,15.324561403508767,5.0572767758631683
163.351,15.317783233953008,5.0563839982850558
163.471,15.314275692739386,5.0563839982850558
163.585,15.307503506311349,5.0554916892873489
163.708,15.307854137447407,5.0554916892873489
163.815,15.314275692739386,5.0563839982850558
163.918,15.307503506311349,5.0554916892873489
164.053,15.312171168011218,5.0563839982850558
164.181,15.307503506311349,5.0554916892873489
164.303,15.312171168011218,5.0563839982850558
164.418,15.328426218016119,5.0545998484595849
164.533,15.307854137447407,5.0554916892873489
164.65,15.311733800350254,5.0528175696745485
164.754,15.311733800350254,5.0528175696745485
164.884,15.306129597197895,5.0528175696745485
164.999,15.316398037841623,5.0537084753918036
165.119,15.320616030801546,5.051037158656297
165.236,15.320616030801546,5.051037158656297
165.357,15.331000699790053,5.0501476525388931
165.477,15.331000699790053,5.0501476525388931
165.596,15.331000699790053,5.0501476525388931
165.72,15.32249038125218,5.0492586121391962
165.84,15.32249038125218,5.0492586121391962
165.962,15.336831059811118,5.0492586121391962
166.077,15.3221406086044,5.0492586121391962
166.198,15.347095871238622,5.0501476525388931
166.324,15.347095871238622,5.0501476525388931
166.438,15.328321678321686,5.0483700370502502
166.561,15.328321678321686,5.0483700370502502
166.676,15.34067085953879,5.0465942811792797
166.794,15.34067085953879,5.0465942811792797
166.919,15.34067085953879,5.0465942811792797
167.034,15.34067085953879,5.0465942811792797
167.154,15.34067085953879,5.0465942811792797
167.273,15.32157821229049,5.0448203816802684
167.392,15.32157821229049,5.0448203816802684
167.509,15.316928446771385,5.0439341270581339
167.619,15.321229050279328,5.0448203816802684
167.744,15.322288106034193,5.0421630060486988
167.86,15.317515701325902,5.0430483353154409
167.981,15.322288106034193,5.0421630060486988
168.107,15.317642956764303,5.0412781388549153
168.224,15.317642956764303,5.0412781388549153
168.329,15.319735006973502,5.0412781388549153
168.452,15.317642956764303,5.0412781388549153
168.57,15.317642956764303,5.0412781388549153
168.686,15.317642956764303,5.0412781388549153
168.798,15.315092366678272,5.0403937333315847
168.908,15.319735006973502,5.0412781388549153
169.035,15.315092366678272,5.0403937333315847
169.153,15.315092366678272,5.0403937333315847
169.276,15.319386331938631,5.0412781388549153
169.395,15.313588850174227,5.0395097890766944
169.512,15.303484320557487,5.0395097890766944
169.625,15.307906652734232,5.0386263056887195
169.739,15.307906652734232,5.0386263056887195
169.863,15.303484320557487,5.0395097890766944
169.981,15.318245125348199,5.0377432827666286
170.1,15.318245125348199,5.0377432827666286
170.22,15.318245125348199,5.0377432827666286
170.338,15.313827934517576,5.0386263056887195
170.455,15.318245125348199,5.0377432827666286
170.568,15.313827934517576,5.0386263056887195
170.669,15.328576400974583,5.0368607199098747
170.784,15.328576400974583,5.0368607199098747
170.905,15.328576400974583,5.0368607199098747
171.026,15.328576400974583,5.0368607199098747
171.143,15.319067501739738,5.0359786167184017
171.257,15.310260869565212,5.0350969727926351
171.356,15.310260869565212,5.0350969727926351
171.478,15.310260869565212,5.0350969727926351
171.595,15.310260869565212,5.0350969727926351
171.721,15.310260869565212,5.0350969727926351
171.841,15.309805285118216,5.034215787733495
171.958,15.310260869565212,5.0350969727926351
172.072,15.309805285118216,5.034215787733495
172.189,15.309805285118216,5.034215787733495
172.306,15.309805285118216,5.034215787733495
172.421,15.302050747306225,5.0333350611423802
172.545,15.302050747306225,5.0333350611423802
172.665,15.302050747306225,5.0333350611423802
172.786,15.302050747306225,5.0333350611423802
172.902,15.302988186240441,5.0324547926211771
173.019,15.302050747306225,5.0333350611423802
173.141,15.302050747306225,5.0333350611423802
173.261,15.302988186240441,5.0324547926211771
173.372,15.302988186240441,5.0324547926211771
173.487,15.302988186240441,5.0324547926211771
173.601,15.298020145883982,5.0315749817722537
173.723,15.298020145883982,5.0315749817722537
173.834,15.302988186240441,5.0324547926211771
173.963,15.306916927354877,5.0333350611423802
174.088,15.306916927354877,5.0333350611423802
174.198,15.306916927354877,5.0333350611423802
174.312,15.301945795691466,5.0324547926211771
174.43,15.301945795691466,5.0324547926211771
174.545,15.301945795691466,5.0324547926211771
174.663,15.301945795691466,5.0324547926211771
174.786,15.301945795691466,5.0324547926211771
174.899,15.301945795691466,5.0324547926211771
175.02,15.301945795691466,5.0324547926211771
175.136,15.306703716568251,5.0315749817722537
175.256,15.301945795691466,5.0324547926211771
175.38,15.301945795691466,5.0324547926211771
175.502,15.281944444444434,5.0306956281984645
175.627,15.292115317818684,5.0315749817722537
175.744,15.281944444444434,5.0306956281984645
175.857,15.281944444444434,5.0306956281984645
175.969,15.277334258937856,5.0298167315031455
176.084,15.281944444444434,5.0306956281984645
176.197,15.281944444444434,5.0306956281984645
176.318,15.277334258937856,5.0298167315031455
176.442,15.274713839750262,5.0280603071636589
176.548,15.269951422623166,5.0289382912901095
176.666,15.260839403399245,5.0280603071636589
176.786,15.260839403399245,5.0280603071636589
176.901,15.260839403399245,5.0280603071636589
177.022,15.260839403399245,5.0280603071636589
177.138,15.265440666204029,5.0289382912901095
177.249,15.265440666204029,5.0289382912901095
177.37,15.269951422623166,5.0289382912901095
177.496,15.282095766828604,5.0289382912901095
177.61,15.284722222222229,5.0306956281984645
177.729,15.306703716568251,5.0315749817722537
177.843,15.301945795691466,5.0324547926211771
177.946,15.301945795691466,5.0324547926211771
178.058,15.321639458145199,5.0315749817722537
178.165,15.321639458145199,5.0315749817722537
178.279,15.331944444444446,5.0306956281984645
178.403,15.331944444444446,5.0306956281984645
178.518,15.340743313650563,5.0315749817722537
178.629,15.340743313650563,5.0315749817722537
178.745,15.331944444444446,5.0306956281984645
178.864,15.331944444444446,5.0306956281984645
178.987,15.331944444444446,5.0306956281984645
179.1,15.336458333333326,5.0306956281984645
179.23,15.341200971884774,5.0298167315031455
179.341,15.341200971884774,5.0298167315031455
179.459,15.341200971884774,5.0298167315031455
179.573,15.324192988545633,5.0298167315031455
179.689,15.324192988545633,5.0298167315031455
179.803,15.333448993754331,5.0289382912901095
179.936,15.333448993754331,5.0289382912901095
180.047,15.333448993754331,5.0289382912901095
180.166,15.353920888272029,5.0289382912901095
180.282,15.343739160596613,5.0280603071636589
180.404,15.343739160596613,5.0280603071636589
180.525,15.353920888272029,5.0289382912901095
180.642,15.343739160596613,5.0280603071636589
180.761,15.343739160596613,5.0280603071636589
180.871,15.343739160596613,5.0280603071636589
180.994,15.338418862690702,5.0271827787285703
181.113,15.338418862690702,5.0271827787285703
181.227,15.338418862690702,5.0271827787285703
181.345,15.345700416088761,5.0271827787285703
181.458,15.331022530329278,5.0263057055900999
181.577,15.316701316701312,5.0254290873539853
181.697,15.326403326403323,5.0254290873539853
181.806,15.31578947368422,5.0236772140141532
181.93,15.326983027364037,5.0245529236264383
182.053,15.31578947368422,5.0236772140141532
182.17,15.331254331254343,5.0254290873539853
182.282,15.326983027364037,5.0245529236264383
182.398,15.321675900277,5.0236772140141532
182.525,15.317064728279689,5.0228019581242949
182.637,15.317064728279689,5.0228019581242949
182.75,15.326983027364037,5.0245529236264383
182.867,15.317064728279689,5.0228019581242949
182.983,15.313257182416066,5.0228019581242949
183.108,15.292834890965736,5.0228019581242949
183.229,15.287543252595157,5.0219271555645077
183.347,15.292834890965736,5.0228019581242949
183.462,15.288235294117641,5.0219271555645077
183.585,15.292834890965736,5.0228019581242949
183.708,15.287543252595157,5.0219271555645077
183.825,15.287543252595157,5.0219271555645077
183.945,15.287543252595157,5.0219271555645077
184.063,15.288235294117641,5.0219271555645077
184.182,15.273702422145334,5.0219271555645077
184.304,15.268419232099632,5.0210528059429125
184.42,15.248011068834302,5.0210528059429125
184.528,15.268419232099632,5.0210528059429125
184.63,15.278104462123821,5.0210528059429125
184.745,15.268419232099632,5.0210528059429125
184.87,15.272821576763477,5.0201789088680968
184.993,15.258298755186729,5.0201789088680968
185.115,15.258298755186729,5.0201789088680968
185.24,15.248185274801244,5.0193054639491317
185.362,15.258298755186729,5.0201789088680968
185.479,15.256569847856156,5.0201789088680968
185.589,15.241009681881053,5.0201789088680968
185.707,15.25129623228483,5.0193054639491317
185.821,15.267542343587962,5.0193054639491317
185.943,15.267542343587962,5.0193054639491317
186.054,15.272821576763477,5.0201789088680968
186.165,15.267542343587962,5.0193054639491317
186.27,15.272821576763477,5.0201789088680968
186.388,15.267542343587962,5.0193054639491317
186.513,15.265814033874875,5.0193054639491317
186.632,15.267542343587962,5.0193054639491317
186.751,15.260539046302682,5.0184324707955525
186.875,15.260539046302682,5.0184324707955525
187.001,15.260539046302682,5.0184324707955525
187.12,15.250431778929197,5.0175599290173718
187.244,15.260539046302682,5.0184324707955525
187.371,15.260539046302682,5.0184324707955525
187.481,15.260539046302682,5.0184324707955525
187.614,15.265630397236606,5.0175599290173718
187.727,15.252849740932646,5.0175599290173718
187.811,15.252849740932646,5.0175599290173718
187.917,15.260539046302682,5.0184324707955525
188.045,15.257941988950279,5.0166878382250699
188.162,15.233321811268581,5.0193054639491317
188.282,15.248704663212436,5.0175599290173718
188.386,15.243607463718035,5.0184324707955525
188.502,15.234196891191715,5.0175599290173718
188.62,15.231433506044908,5.0175599290173718
188.736,15.239295580110507,5.0166878382250699
188.842,15.234196891191715,5.0175599290173718
188.962,15.223143350604488,5.0175599290173718
189.076,15.210980662983417,5.0166878382250699
189.197,15.223143350604488,5.0175599290173718
189.311,15.221070811744397,5.0175599290173718
189.411,15.21389080856946,5.0184324707955525
189.514,15.21389080856946,5.0184324707955525
189.646,15.214779005524861,5.0166878382250699
189.76,15.214779005524861,5.0166878382250699
189.869,15.200828157349889,5.0149450080423881
189.991,15.216011042097989,5.0149450080423881
190.106,15.200828157349889,5.0149450080423881
190.22,15.210907835692097,5.0158161980296008
190.332,15.205933080372546,5.0140742678753201
190.426,15.210907835692097,5.0158161980296008
190.556,15.200828157349889,5.0149450080423881
190.667,15.200828157349889,5.0149450080423881
190.75,15.200828157349889,5.0149450080423881
190.872,15.193648602002071,5.0158161980296008
190.945,15.198757763975152,5.0149450080423881
191.051,15.198757763975152,5.0149450080423881
191.163,15.207599309153721,5.0175599290173718
191.248,15.198757763975152,5.0149450080423881
191.363,15.198757763975152,5.0149450080423881
191.451,15.198757763975152,5.0149450080423881
191.55,15.198757763975152,5.0149450080423881
191.673,15.193648602002071,5.0158161980296008
191.768,15.184482758620703,5.0132039771407593
191.872,15.182068965517232,5.0132039771407593
191.982,15.182068965517232,5.0132039771407593
192.072,15.182068965517232,5.0132039771407593
192.204,15.182068965517232,5.0132039771407593
192.336,15.175456739055505,5.0123341354515318
192.436,15.175456739055505,5.0123341354515318
192.577,15.17160578911097,5.0114647424209329
192.662,15.17160578911097,5.0114647424209329
192.762,15.166494312306099,5.0123341354515318
192.883,15.17160578911097,5.0114647424209329
193.003,15.175456739055505,5.0123341354515318
193.097,15.175456739055505,5.0123341354515318
193.216,15.175456739055505,5.0123341354515318
193.312,15.169882839421092,5.0114647424209329
193.433,15.175456739055505,5.0123341354515318
193.541,15.175456739055505,5.0123341354515318
193.642,15.17160578911097,5.0114647424209329
193.751,15.166035136066142,5.010595797662722
193.864,15.166035136066142,5.010595797662722
193.988,15.17160578911097,5.0114647424209329
194.116,15.168217855911763,5.0123341354515318
194.236,15.17160578911097,5.0114647424209329
194.35,15.158166781529985,5.0114647424209329
194.46,15.17160578911097,5.0114647424209329
194.581,15.17160578911097,5.0114647424209329
194.667,15.17160578911097,5.0114647424209329
194.778,15.17160578911097,5.0114647424209329
194.873,15.17160578911097,5.0114647424209329
194.982,15.17160578911097,5.0114647424209329
195.086,15.158166781529985,5.0114647424209329
195.201,15.168217855911763,5.0123341354515318
195.324,15.158166781529985,5.0114647424209329
195.4,15.17160578911097,5.0114647424209329
195.511,15.166035136066142,5.010595797662722
195.638,15.17160578911097,5.0114647424209329
195.75,15.166035136066142,5.010595797662722
195.866,15.158166781529985,5.0114647424209329
195.982,15.17160578911097,5.0114647424209329
196.096,15.17160578911097,5.0114647424209329
196.225,15.170513262142606,5.010595797662722
196.35,15.17160578911097,5.0114647424209329
196.457,15.17160578911097,5.0114647424209329
196.562,15.17160578911097,5.0114647424209329
196.675,15.17160578911097,5.0114647424209329
196.791,15.17160578911097,5.0114647424209329
196.898,15.17160578911097,5.0114647424209329
197.012,15.17160578911097,5.0114647424209329
197.123,15.166035136066142,5.010595797662722
197.24,15.166035136066142,5.010595797662722
197.352,15.164944903581272,5.009727300791126
197.475,15.164944903581272,5.009727300791126
197.592,15.156970740103276,5.0088592514208372
197.693,15.146643717728068,5.0088592514208372
197.811,15.142168674698809,5.0088592514208372
197.937,15.139070567986238,5.0088592514208372
198.057,15.142168674698809,5.0088592514208372
198.169,15.150189459180154,5.010595797662722
198.287,15.142168674698809,5.0088592514208372
198.4,15.147281486579487,5.0079916491670078
198.519,15.142168674698809,5.0088592514208372
198.639,15.148020654044757,5.0088592514208372
198.759,15.13204951856946,5.006257784471666
198.88,15.138334480385396,5.0079916491670078
198.997,15.13204951856946,5.006257784471666
199.112,15.13204951856946,5.006257784471666
199.231,15.133126934984517,5.0071244936452572
199.357,15.13204951856946,5.006257784471666
199.468,15.13204951856946,5.006257784471666
199.583,15.124183006535958,5.0071244936452572
199.705,15.122035063595746,5.0053915212627773
199.828,15.11416781292985,5.006257784471666
199.951,15.11971104231165,5.0071244936452572
200.068,15.122035063595746,5.0053915212627773
200.184,15.122035063595746,5.0053915212627773
200.3,15.122035063595746,5.0053915212627773
200.427,15.11416781292985,5.006257784471666
200.52,15.122035063595746,5.0053915212627773
200.646,15.122035063595746,5.0053915212627773
200.766,15.122035063595746,5.0053915212627773
200.885,15.11416781292985,5.006257784471666
201.003,15.122035063595746,5.0053915212627773
201.117,15.122035063595746,5.0053915212627773
201.235,15.11416781292985,5.006257784471666
201.343,15.11416781292985,5.006257784471666
201.458,15.11416781292985,5.006257784471666
201.571,15.11416781292985,5.006257784471666
201.688,15.11416781292985,5.006257784471666
201.813,15.12757909215955,5.006257784471666
201.93,15.11416781292985,5.006257784471666
202.04,15.11416781292985,5.006257784471666
202.164,15.11416781292985,5.006257784471666
202.28,15.103887168902645,5.0071244936452572
202.392,15.103887168902645,5.0071244936452572
202.512,15.11416781292985,5.006257784471666
202.625,15.11416781292985,5.006257784471666
202.739,15.116918844566726,5.006257784471666
202.856,15.122035063595746,5.0053915212627773
202.981,15.103887168902645,5.0071244936452572
203.098,15.093599449414995,5.0079916491670078
203.218,15.093599449414995,5.0079916491670078
203.335,15.093599449414995,5.0079916491670078
203.448,15.093599449414995,5.0079916491670078
203.568,15.093599449414995,5.0079916491670078
203.687,15.083935328517384,5.0071244936452572
203.811,15.093599449414995,5.0079916491670078
203.933,15.093599449414995,5.0079916491670078
204.054,15.083935328517384,5.0071244936452572
204.17,15.083935328517384,5.0071244936452572
204.293,15.083935328517384,5.0071244936452572
204.41,15.083935328517384,5.0071244936452572
204.535,15.083935328517384,5.0071244936452572
204.657,15.083935328517384,5.0071244936452572
204.773,15.083935328517384,5.0071244936452572
204.885,15.083935328517384,5.0071244936452572
205.007,15.078114246386775,5.0079916491670078
205.121,15.083935328517384,5.0071244936452572
205.246,15.083935328517384,5.0071244936452572
205.368,15.083935328517384,5.0071244936452572
205.483,15.083935328517384,5.0071244936452572
205.605,15.083935328517384,5.0071244936452572
205.718,15.083935328517384,5.0071244936452572
205.831,15.083935328517384,5.0071244936452572
205.951,15.083935328517384,5.0071244936452572
206.075,15.083935328517384,5.0071244936452572
206.186,15.083935328517384,5.0071244936452572
206.308,15.083935328517384,5.0071244936452572
206.415,15.083935328517384,5.0071244936452572
206.54,15.083935328517384,5.0071244936452572
206.661,15.083935328517384,5.0071244936452572
206.789,15.083935328517384,5.0071244936452572
206.908,15.083935328517384,5.0071244936452572
207.03,15.083935328517384,5.0071244936452572
207.147,15.083935328517384,5.0071244936452572
207.265,15.083935328517384,5.0071244936452572
207.382,15.083935328517384,5.0071244936452572
207.501,15.083935328517384,5.0071244936452572
207.617,15.083935328517384,5.0071244936452572
207.732,15.083935328517384,5.0071244936452572
207.848,15.083935328517384,5.0071244936452572
207.968,15.083935328517384,5.0071244936452572
208.088,15.083935328517384,5.0071244936452572
208.198,15.083935328517384,5.0071244936452572
208.316,15.083935328517384,5.0071244936452572
208.428,15.083935328517384,5.0071244936452572
208.551,15.083935328517384,5.0071244936452572
208.662,15.083935328517384,5.0071244936452572
208.786,15.083935328517384,5.0071244936452572
208.906,15.083935328517384,5.0071244936452572
209.02,15.083935328517384,5.0071244936452572
209.138,15.083935328517384,5.0071244936452572
209.253,15.083935328517384,5.0071244936452572
209.372,15.083935328517384,5.0071244936452572
209.495,15.083935328517384,5.0071244936452572
209.617,15.083935328517384,5.0071244936452572
209.739,15.083935328517384,5.0071244936452572
209.858,15.083935328517384,5.0071244936452572
209.981,15.083935328517384,5.0071244936452572
210.101,15.083935328517384,5.0071244936452572
210.222,15.083935328517384,5.0071244936452572
210.345,15.083935328517384,5.0071244936452572
210.461,15.083935328517384,5.0071244936452572
210.579,15.083935328517384,5.0071244936452572
210.697,15.083935328517384,5.0071244936452572
210.817,15.083935328517384,5.0071244936452572
210.942,15.083935328517384,5.0071244936452572
211.064,15.083935328517384,5.0071244936452572
211.177,15.083935328517384,5.0071244936452572
211.283,15.083935328517384,5.0071244936452572
211.412,15.083935328517384,5.0071244936452572
211.533,15.077716643741411,5.006257784471666
211.653,15.077716643741411,5.006257784471666
211.759,15.077716643741411,5.006257784471666
211.884,15.077716643741411,5.006257784471666
212.007,15.077716643741411,5.006257784471666
212.128,15.077716643741411,5.006257784471666
212.247,15.077716643741411,5.006257784471666
212.372,15.077716643741411,5.006257784471666
212.494,15.077716643741411,5.006257784471666
212.614,15.077716643741411,5.006257784471666
212.724,15.069439669989691,5.0053915212627773
212.845,15.069439669989691,5.0053915212627773
212.966,15.063617606602463,5.006257784471666
213.088,15.063617606602463,5.006257784471666
213.202,15.063617606602463,5.006257784471666
213.322,15.063617606602463,5.006257784471666
213.442,15.063617606602463,5.006257784471666
213.558,15.063617606602463,5.006257784471666
213.677,15.053319573443417,5.0071244936452572
213.798,15.053319573443417,5.0071244936452572
213.919,15.053319573443417,5.0071244936452572
214.037,15.053319573443417,5.0071244936452572
214.159,15.053319573443417,5.0071244936452572
214.278,15.053319573443417,5.0071244936452572
214.392,15.053319573443417,5.0071244936452572
214.514,15.053319573443417,5.0071244936452572
214.634,15.053319573443417,5.0071244936452572
214.756,15.053319573443417,5.0071244936452572
214.877,15.053319573443417,5.0071244936452572
215.006,15.053319573443417,5.0071244936452572
215.129,15.053319573443417,5.0071244936452572
215.253,15.053319573443417,5.0071244936452572
215.371,15.04301445285617,5.0079916491670078
215.488,15.053319573443417,5.0071244936452572
215.611,15.053319573443417,5.0071244936452572
215.726,15.04301445285617,5.0079916491670078
215.843,15.04301445285617,5.0079916491670078
215.965,15.04301445285617,5.0079916491670078
216.088,15.04301445285617,5.0079916491670078
216.21,15.04301445285617,5.0079916491670078
216.336,15.034423407917387,5.0088592514208372
216.45,15.034423407917387,5.0088592514208372
216.566,15.034423407917387,5.0088592514208372
216.681,15.034423407917387,5.0088592514208372
216.802,15.04301445285617,5.0079916491670078
216.929,15.034423407917387,5.0088592514208372
217.051,15.034423407917387,5.0088592514208372
217.172,15.04301445285617,5.0079916491670078
217.286,15.053319573443417,5.0071244936452572
217.401,15.053319573443417,5.0071244936452572
217.519,15.053319573443417,5.0071244936452572
217.642,15.063617606602463,5.006257784471666
217.761,15.069439669989691,5.0053915212627773
217.882,15.073590096286097,5.006257784471666
217.996,15.069439669989691,5.0053915212627773
218.114,15.069439669989691,5.0053915212627773
218.236,15.069439669989691,5.0053915212627773
218.336,15.069439669989691,5.0053915212627773
218.453,15.069439669989691,5.0053915212627773
218.578,15.069439669989691,5.0053915212627773
218.699,15.069439669989691,5.0053915212627773
218.814,15.069439669989691,5.0053915212627773
218.939,15.069439669989691,5.0053915212627773
219.064,15.069439669989691,5.0053915212627773
219.182,15.069439669989691,5.0053915212627773
219.296,15.065314541079402,5.0053915212627773
219.424,15.069439669989691,5.0053915212627773
219.548,15.053319573443417,5.0071244936452572
219.671,15.055020632737268,5.006257784471666
219.792,15.055020632737268,5.006257784471666
219.91,15.053319573443417,5.0071244936452572
220.032,15.053319573443417,5.0071244936452572
220.159,15.04301445285617,5.0079916491670078
220.262,15.04301445285617,5.0079916491670078
220.396,15.04301445285617,5.0079916491670078
220.517,15.04301445285617,5.0079916491670078
220.639,15.04301445285617,5.0079916491670078
220.765,15.04301445285617,5.0079916491670078
220.884,15.04301445285617,5.0079916491670078
221.001,15.04301445285617,5.0079916491670078
221.116,15.04301445285617,5.0079916491670078
221.233,15.04301445285617,5.0079916491670078
221.356,15.04301445285617,5.0079916491670078
221.478,15.04301445285617,5.0079916491670078
221.6,15.034423407917387,5.0088592514208372
221.73,15.036132140399161,5.0079916491670078
221.847,15.034423407917387,5.0088592514208372
221.963,15.036132140399161,5.0079916491670078
222.08,15.034423407917387,5.0088592514208372
222.205,15.034423407917387,5.0088592514208372
222.329,15.034423407917387,5.0088592514208372
222.444,15.036132140399161,5.0079916491670078
222.571,15.034423407917387,5.0088592514208372
222.686,15.034423407917387,5.0088592514208372
222.805,15.034423407917387,5.0088592514208372
222.914,15.034423407917387,5.0088592514208372
223.039,15.034423407917387,5.0088592514208372
223.165,15.034423407917387,5.0088592514208372
223.283,15.034423407917387,5.0088592514208372
223.401,15.036132140399161,5.0079916491670078
223.519,15.034423407917387,5.0088592514208372
223.636,15.034423407917387,5.0088592514208372
223.757,15.036132140399161,5.0079916491670078
223.885,15.034423407917387,5.0088592514208372
224.003,15.034423407917387,5.0088592514208372
224.123,15.034423407917387,5.0088592514208372
224.245,15.036132140399161,5.0079916491670078
224.366,15.034423407917387,5.0088592514208372
224.487,15.034423407917387,5.0088592514208372
224.609,15.036132140399161,5.0079916491670078
224.729,15.036132140399161,5.0079916491670078
224.847,15.04301445285617,5.0079916491670078
224.967,15.044719642242853,5.0071244936452572
225.082,15.044719642242853,5.0071244936452572
225.202,15.044719642242853,5.0071244936452572
225.319,15.044719642242853,5.0071244936452572
225.443,15.04301445285617,5.0079916491670078
225.563,15.039215686274503,5.0071244936452572
225.686,15.044719642242853,5.0071244936452572
225.798,15.044719642242853,5.0071244936452572
225.916,15.036132140399161,5.0079916491670078
226.032,15.030271757825943,5.0071244936452572
226.15,15.036132140399161,5.0079916491670078
226.272,15.030271757825943,5.0071244936452572
226.39,15.030271757825943,5.0071244936452572
226.51,15.036132140399161,5.0079916491670078
226.639,15.036132140399161,5.0079916491670078
226.762,15.028561596696477,5.0079916491670078
226.884,15.036132140399161,5.0079916491670078
226.996,15.036132140399161,5.0079916491670078
227.117,15.036132140399161,5.0079916491670078
227.235,15.036132140399161,5.0079916491670078
227.354,15.030271757825943,5.0071244936452572
227.474,15.030271757825943,5.0071244936452572
227.591,15.030271757825943,5.0071244936452572
227.71,15.030271757825943,5.0071244936452572
227.837,15.020288858321862,5.006257784471666
227.956,15.020288858321862,5.006257784471666
228.077,15.020288858321862,5.006257784471666
228.195,15.026143790849687,5.0071244936452572
228.314,15.020288858321862,5.006257784471666
228.431,15.020288858321862,5.006257784471666
228.545,15.00997592019263,5.0071244936452572
228.659,15.021327829377356,5.0071244936452572
228.773,15.008258774948388,5.0079916491670078
228.888,15.004817618719898,5.0079916491670078
229.015,15.00997592019263,5.0071244936452572
229.133,14.993122420907838,5.006257784471666
229.231,14.980398899587357,5.006257784471666
229.35,14.980398899587357,5.006257784471666
229.465,14.972155379855622,5.0053915212627773
229.588,14.977991746905076,5.006257784471666
229.702,14.966323024054986,5.0045257036355926
229.822,14.969738651994504,5.006257784471666
229.946,14.95740295431122,5.0036603312075796
230.069,14.955670103092785,5.0045257036355926
230.184,14.96149879683739,5.0053915212627773
230.314,14.95740295431122,5.0036603312075796
230.434,14.95740295431122,5.0036603312075796
230.546,14.963230240549819,5.0045257036355926
230.661,14.963230240549819,5.0045257036355926
230.789,14.963230240549819,5.0045257036355926
230.902,14.955670103092785,5.0045257036355926
231.015,14.977991746905076,5.006257784471666
231.127,14.966323024054986,5.0045257036355926
231.252,14.963230240549819,5.0045257036355926
231.377,14.963230240549819,5.0045257036355926
231.499,14.95740295431122,5.0036603312075796
231.616,14.95740295431122,5.0036603312075796
231.731,14.955670103092785,5.0045257036355926
231.849,14.95740295431122,5.0036603312075796
231.972,14.95740295431122,5.0036603312075796
232.085,14.961181724493315,5.0036603312075796
232.204,14.955670103092785,5.0045257036355926
232.322,14.946029563423849,5.0053915212627773
232.444,14.943603851444294,5.006257784471666
232.563,14.961181724493315,5.0036603312075796
232.685,14.963230240549819,5.0045257036355926
232.807,14.947422680412359,5.0045257036355926
232.93,14.9377793056033,5.0053915212627773
233.056,14.9377793056033,5.0053915212627773
233.17,14.936038514442913,5.006257784471666
233.288,14.9377793056033,5.0053915212627773
233.404,14.936038514442913,5.006257784471666
233.519,14.927416580667341,5.0071244936452572
233.646,14.927416580667341,5.0071244936452572
233.762,14.927416580667341,5.0071244936452572
233.884,14.918156808803303,5.006257784471666
234.013,14.919903746992105,5.0053915212627773
234.135,14.932989690721655,5.0045257036355926
234.258,14.932989690721655,5.0045257036355926
234.372,14.923685115159856,5.0053915212627773
234.483,14.908152734778128,5.0071244936452572
234.596,14.909903713892703,5.006257784471666
234.719,14.908152734778128,5.0071244936452572
234.841,14.908152734778128,5.0071244936452572
234.958,14.908152734778128,5.0071244936452572
235.073,14.908152734778128,5.0071244936452572
235.203,14.908152734778128,5.0071244936452572
235.321,14.909903713892703,5.006257784471666
235.447,14.908152734778128,5.0071244936452572
235.57,14.918156808803303,5.006257784471666
235.687,14.919903746992105,5.0053915212627773
235.806,14.908152734778128,5.0071244936452572
235.926,14.909903713892703,5.006257784471666
236.049,14.908152734778128,5.0071244936452572
236.166,14.909903713892703,5.006257784471666
236.284,14.909903713892703,5.006257784471666
236.393,14.908152734778128,5.0071244936452572
236.515,14.908152734778128,5.0071244936452572
236.641,14.908152734778128,5.0071244936452572
236.755,14.908152734778128,5.0071244936452572
236.871,14.909903713892703,5.006257784471666
236.993,14.909903713892703,5.006257784471666
237.118,14.909903713892703,5.006257784471666
237.238,14.909903713892703,5.006257784471666
237.352,14.915720674234592,5.0071244936452572
237.477,14.909903713892703,5.006257784471666
237.599,14.909903713892703,5.006257784471666
237.728,14.909903713892703,5.006257784471666
237.843,14.909903713892703,5.006257784471666
237.954,14.909903713892703,5.006257784471666
238.066,14.908152734778128,5.0071244936452572
238.189,14.909903713892703,5.006257784471666
238.308,14.908152734778128,5.0071244936452572
238.439,14.908152734778128,5.0071244936452572
238.557,14.908152734778128,5.0071244936452572
238.677,14.909903713892703,5.006257784471666
238.799,14.909903713892703,5.006257784471666
238.914,14.908152734778128,5.0071244936452572
239.034,14.908152734778128,5.0071244936452572
239.159,14.908152734778128,5.0071244936452572
239.278,14.900996906153324,5.0053915212627773
239.398,14.899656357388324,5.0045257036355926
239.516,14.905465795806123,5.0053915212627773
239.635,14.899243466299851,5.006257784471666
239.745,14.899656357388324,5.0045257036355926
239.87,14.899656357388324,5.0045257036355926
239.996,14.905465795806123,5.0053915212627773
240.114,14.899656357388324,5.0045257036355926
240.232,14.899243466299851,5.006257784471666
240.355,14.899656357388324,5.0045257036355926
240.478,14.899243466299851,5.006257784471666
240.6,14.899656357388324,5.0045257036355926
240.709,14.900996906153324,5.0053915212627773
240.829,14.899243466299851,5.006257784471666
240.944,14.899656357388324,5.0045257036355926
241.064,14.899656357388324,5.0045257036355926
241.182,14.899243466299851,5.006257784471666
241.303,14.900996906153324,5.0053915212627773
241.428,14.899656357388324,5.0045257036355926
241.548,14.899656357388324,5.0045257036355926
241.661,14.899656357388324,5.0045257036355926
241.78,14.899243466299851,5.006257784471666
241.896,14.904778274321075,5.0053915212627773
242.018,14.899656357388324,5.0045257036355926
242.135,14.899656357388324,5.0045257036355926
242.253,14.899243466299851,5.006257784471666
242.378,14.899656357388324,5.0045257036355926
242.497,14.899656357388324,5.0045257036355926
242.616,14.899656357388324,5.0045257036355926
242.736,14.897903059470622,5.0053915212627773
242.857,14.899656357388324,5.0045257036355926
242.97,14.899656357388324,5.0045257036355926
243.084,14.897903059470622,5.0053915212627773
243.205,14.899656357388324,5.0045257036355926
243.33,14.899656357388324,5.0045257036355926
243.456,14.897903059470622,5.0053915212627773
243.57,14.897903059470622,5.0053915212627773
243.691,14.899656357388324,5.0045257036355926
243.81,14.899656357388324,5.0045257036355926
243.934,14.899656357388324,5.0045257036355926
244.046,14.897903059470622,5.0053915212627773
244.163,14.897903059470622,5.0053915212627773
244.276,14.897903059470622,5.0053915212627773
244.394,14.888239339752403,5.006257784471666
244.518,14.899656357388324,5.0045257036355926
244.636,14.888239339752403,5.006257784471666
244.768,14.888239339752403,5.006257784471666
244.886,14.899656357388324,5.0045257036355926
245.003,14.888239339752403,5.006257784471666
245.121,14.888239339752403,5.006257784471666
245.245,14.888239339752403,5.006257784471666
245.359,14.888239339752403,5.006257784471666
245.471,14.889996562392582,5.0053915212627773
245.591,14.878652457889302,5.0053915212627773
245.707,14.878652457889302,5.0053915212627773
245.834,14.878652457889302,5.0053915212627773
245.952,14.880412371134014,5.0045257036355926
246.075,14.878652457889302,5.0053915212627773
246.197,14.878652457889302,5.0053915212627773
246.321,14.869669876203574,5.006257784471666
246.442,14.865635738831628,5.0045257036355926
246.558,14.869669876203574,5.006257784471666
246.672,14.869669876203574,5.006257784471666
246.795,14.869669876203574,5.006257784471666
246.912,14.869669876203574,5.006257784471666
247.038,14.86387074596081,5.0053915212627773
247.16,14.86387074596081,5.0053915212627773
247.272,14.869669876203574,5.006257784471666
247.389,14.869669876203574,5.006257784471666
247.511,14.86387074596081,5.0053915212627773
247.635,14.86387074596081,5.0053915212627773
247.755,14.865635738831628,5.0045257036355926
247.872,14.86387074596081,5.0053915212627773
247.994,14.86387074596081,5.0053915212627773
248.11,14.86387074596081,5.0053915212627773
248.224,14.86387074596081,5.0053915212627773
248.339,14.86387074596081,5.0053915212627773
248.459,14.86387074596081,5.0053915212627773
248.581,14.86387074596081,5.0053915212627773
248.686,14.86387074596081,5.0053915212627773
248.802,14.865635738831628,5.0045257036355926
248.922,14.86387074596081,5.0053915212627773
249.048,14.86387074596081,5.0053915212627773
249.168,14.86387074596081,5.0053915212627773
249.283,14.86387074596081,5.0053915212627773
249.403,14.86387074596081,5.0053915212627773
249.524,14.86387074596081,5.0053915212627773
249.643,14.86387074596081,5.0053915212627773
249.763,14.869415807560131,5.0045257036355926
249.879,14.865635738831628,5.0045257036355926
250.004,14.869415807560131,5.0045257036355926
250.118,14.869415807560131,5.0045257036355926
250.237,14.869415807560131,5.0045257036355926
250.36,14.86387074596081,5.0053915212627773
250.468,14.865635738831628,5.0045257036355926
250.583,14.869415807560131,5.0045257036355926
250.7,14.86387074596081,5.0053915212627773
250.822,14.86387074596081,5.0053915212627773
250.94,14.869415807560131,5.0045257036355926
251.051,14.869415807560131,5.0045257036355926
251.175,14.86387074596081,5.0053915212627773
251.295,14.869415807560131,5.0045257036355926
251.424,14.869415807560131,5.0045257036355926
251.538,14.86387074596081,5.0053915212627773
251.672,14.86387074596081,5.0053915212627773
251.794,14.86387074596081,5.0053915212627773
251.906,14.859841978701468,5.0036603312075796
252.032,14.869415807560131,5.0045257036355926
252.146,14.859841978701468,5.0036603312075796
252.27,14.844383373411205,5.0036603312075796
252.381,14.859841978701468,5.0036603312075796
252.497,14.844383373411205,5.0036603312075796
252.623,14.83585164835165,5.0027954035966591
252.743,14.84615384615384,5.0027954035966591
252.861,14.841400617919675,5.0019309204212163
